id,item_group_id,sku,gtin,mpn,title,description,availability,condition,price,link,image_link,brand,google_product_category,fb_product_category,quantity_to_sell_on_facebook,gender,age_group,color,size
6931f8ad58785042887a159d,6931f8ad58785042887a159d,SMS-MOD-39-9F0C,GTIN-6931f8ad58785042887a159d,MPN-6931f8ad58785042887a159d,Modern sally,"100% authentic original product â€” not replica, fake or first copy.",in stock,used,1999.00 PKR,https://kicks-kraze.com/product?product_id=6931f8ad58785042887a159d,https://kickskraze.b-cdn.net/kickskraze/MXWf5LVyPI.webp,Modern Sally,Apparel & Accessories > Shoes,clothing & accessories > shoes & footwear > women's shoes > sandals,1,female,all ages,,39
6931f7cd587850428879e27f,6931f7cd587850428879e27f,SMS-CHE-40-D65C,GTIN-6931f7cd587850428879e27f,MPN-6931f7cd587850428879e27f,CHELSEE,"100% authentic original product â€” not replica, fake or first copy.",in stock,used,2399.00 PKR,https://kicks-kraze.com/product?product_id=6931f7cd587850428879e27f,https://kickskraze.b-cdn.net/kickskraze/0m4k5Irqdj.webp,Chelsee,Apparel & Accessories > Shoes,clothing & accessories > shoes & footwear > women's shoes > heels,1,female,all ages,,40
6931f735587850428879c90a,6931f735587850428879c90a,SMS-ZAR-41-FE90,GTIN-6931f735587850428879c90a,MPN-6931f735587850428879c90a,ZARA Basic Collection ,"100% authentic original product â€” not replica, fake or first copy.",in stock,used,2499.00 PKR,https://kicks-kraze.com/product?product_id=6931f735587850428879c90a,https://kickskraze.b-cdn.net/kickskraze/VU_8Qwq-ga.webp,Zara,Apparel & Accessories > Shoes,clothing & accessories > shoes & footwear > women's shoes > heels,1,female,all ages,,41
6931f6cd587850428879af8d,6931f6cd587850428879af8d,SMS-TUL-36-9D29,GTIN-6931f6cd587850428879af8d,MPN-6931f6cd587850428879af8d,TULIPANO,"100% authentic original product â€” not replica, fake or first copy.",in stock,used,2200.00 PKR,https://kicks-kraze.com/product?product_id=6931f6cd587850428879af8d,https://kickskraze.b-cdn.net/kickskraze/typn2FjfaT.webp,Tulipano,Apparel & Accessories > Shoes,clothing & accessories > shoes & footwear > women's shoes > heels,1,female,all ages,,36
6931f65858785042887995f8,6931f65858785042887995f8,SMS-TRU-41-0F8A,GTIN-6931f65858785042887995f8,MPN-6931f65858785042887995f8,TRFFULE collection ,"100% authentic original product â€” not replica, fake or first copy.",in stock,used,2699.00 PKR,https://kicks-kraze.com/product?product_id=6931f65858785042887995f8,https://kickskraze.b-cdn.net/kickskraze/-VyGL-WlkF.webp,Truffle Colle ,Apparel & Accessories > Shoes,clothing & accessories > shoes & footwear > women's shoes > heels,1,female,all ages,,41
6931f5dc5878504288797c7c,6931f5dc5878504288797c7c,SMS-HEE-41-6E8B,GTIN-6931f5dc5878504288797c7c,MPN-6931f5dc5878504288797c7c,Silver heel women size 41,"100% authentic original product â€” not replica, fake or first copy.",in stock,used,2199.00 PKR,https://kicks-kraze.com/product?product_id=6931f5dc5878504288797c7c,https://kickskraze.b-cdn.net/kickskraze/H05FJhe6EI.webp,Heels,Apparel & Accessories > Shoes,clothing & accessories > shoes & footwear > women's shoes > heels,1,female,all ages,,41
6931f57c5878504288796317,6931f57c5878504288796317,SMS-FLO-37-DE84,GTIN-6931f57c5878504288796317,MPN-6931f57c5878504288796317,FLORANGELO,"100% authentic original product â€” not replica, fake or first copy.",in stock,used,2299.00 PKR,https://kicks-kraze.com/product?product_id=6931f57c5878504288796317,https://kickskraze.b-cdn.net/kickskraze/pYlGCgYy0h.webp,Florangelo,Apparel & Accessories > Shoes,clothing & accessories > shoes & footwear > women's shoes > heels,1,female,all ages,,37
6931f4d858785042887949b0,6931f4d858785042887949b0,SMS-ZAR-36-1A65,GTIN-6931f4d858785042887949b0,MPN-6931f4d858785042887949b0,Zara â™¥ï¸,"100% authentic original product â€” not replica, fake or first copy.",in stock,used,2699.00 PKR,https://kicks-kraze.com/product?product_id=6931f4d858785042887949b0,https://kickskraze.b-cdn.net/kickskraze/in9MlSmz2k.webp,Zara,Apparel & Accessories > Shoes,clothing & accessories > shoes & footwear > women's shoes > heels,1,female,all ages,,36
6931f48f587850428879304f,6931f48f587850428879304f,SMS-BOO-38-65F7,GTIN-6931f48f587850428879304f,MPN-6931f48f587850428879304f,BOOHOO,"100% authentic original product â€” not replica, fake or first copy.",in stock,used,2499.00 PKR,https://kicks-kraze.com/product?product_id=6931f48f587850428879304f,https://kickskraze.b-cdn.net/kickskraze/M7NFEpIhvx.webp,Boohoo,Apparel & Accessories > Shoes,clothing & accessories > shoes & footwear > women's shoes > heels,1,female,all ages,,38
6931f43158785042887916e7,6931f43158785042887916e7,SMS-HEE-37-8EA9,GTIN-6931f43158785042887916e7,MPN-6931f43158785042887916e7,Foan color High Heel ,"100% authentic original product â€” not replica, fake or first copy.",in stock,used,2300.00 PKR,https://kicks-kraze.com/product?product_id=6931f43158785042887916e7,https://kickskraze.b-cdn.net/kickskraze/HF906w5QrY.webp,Heel,Apparel & Accessories > Shoes,clothing & accessories > shoes & footwear > women's shoes > heels,1,female,all ages,,37
6931f35ea9e0ffeecf4e2809,6931f35ea9e0ffeecf4e2809,SMS-ZAR-39-A023,GTIN-6931f35ea9e0ffeecf4e2809,MPN-6931f35ea9e0ffeecf4e2809,Zara slippers,"100% authentic original product â€” not replica, fake or first copy.",in stock,used,2299.00 PKR,https://kicks-kraze.com/product?product_id=6931f35ea9e0ffeecf4e2809,https://kickskraze.b-cdn.net/kickskraze/74TWHbYYRu.webp,Zara,Apparel & Accessories > Shoes,clothing & accessories > shoes & footwear > women's shoes > flats,1,female,all ages,,39
6931f305a9e0ffeecf4e0eaa,6931f305a9e0ffeecf4e0eaa,SMS-PRI-38-2591,GTIN-6931f305a9e0ffeecf4e0eaa,MPN-6931f305a9e0ffeecf4e0eaa,PRIMARK,"100% authentic original product â€” not replica, fake or first copy.",in stock,used,2299.00 PKR,https://kicks-kraze.com/product?product_id=6931f305a9e0ffeecf4e0eaa,https://kickskraze.b-cdn.net/kickskraze/lo-ixd5qzP.webp,Primark,Apparel & Accessories > Shoes,clothing & accessories > shoes & footwear > women's shoes > sandals,1,female,all ages,,38
6931f2a5a9e0ffeecf4df557,6931f2a5a9e0ffeecf4df557,SMS-HEE-37-B401,GTIN-6931f2a5a9e0ffeecf4df557,MPN-6931f2a5a9e0ffeecf4df557,Womens Heel size 37,"100% authentic original product â€” not replica, fake or first copy.",in stock,used,1999.00 PKR,https://kicks-kraze.com/product?product_id=6931f2a5a9e0ffeecf4df557,https://kickskraze.b-cdn.net/kickskraze/v7U8KxscNR.webp,Heel,Apparel & Accessories > Shoes,clothing & accessories > shoes & footwear > women's shoes > heels,1,female,all ages,,37
6931eec5a9e0ffeecf4d93dc,6931eec5a9e0ffeecf4d93dc,SMS-HEE-39-034F,GTIN-6931eec5a9e0ffeecf4d93dc,MPN-6931eec5a9e0ffeecf4d93dc,Leather high heels women size 39,"100% authentic original product â€” not replica, fake or first copy.",in stock,used,2699.00 PKR,https://kicks-kraze.com/product?product_id=6931eec5a9e0ffeecf4d93dc,https://kickskraze.b-cdn.net/kickskraze/2ym4rYspDl.webp,Heel,Apparel & Accessories > Shoes,clothing & accessories > shoes & footwear > women's shoes > heels,1,female,all ages,,39
6931ee442e645d4ac3bede44,6931ee442e645d4ac3bede44,SMS-ZIN-41-C040,GTIN-6931ee442e645d4ac3bede44,MPN-6931ee442e645d4ac3bede44,ZINQ,"100% authentic original product â€” not replica, fake or first copy.",in stock,used,2399.00 PKR,https://kicks-kraze.com/product?product_id=6931ee442e645d4ac3bede44,https://kickskraze.b-cdn.net/kickskraze/o1AfZZhSUu.webp,Zinq,Apparel & Accessories > Shoes,clothing & accessories > shoes & footwear > women's shoes > heels,1,female,all ages,,41
6931edd02e645d4ac3bec509,6931edd02e645d4ac3bec509,SMS-HEE-38-2AA7,GTIN-6931edd02e645d4ac3bec509,MPN-6931edd02e645d4ac3bec509,Purple heel size ,"100% authentic original product â€” not replica, fake or first copy.",in stock,used,2299.00 PKR,https://kicks-kraze.com/product?product_id=6931edd02e645d4ac3bec509,https://kickskraze.b-cdn.net/kickskraze/0YLipMQtOW.webp,Heel,Apparel & Accessories > Shoes,clothing & accessories > shoes & footwear > women's shoes > heels,1,female,all ages,,38
6931ec332e645d4ac3beab1e,6931ec332e645d4ac3beab1e,SMS-VER-38-945D,GTIN-6931ec332e645d4ac3beab1e,MPN-6931ec332e645d4ac3beab1e,Versla black heel ,"100% authentic original product â€” not replica, fake or first copy.",in stock,used,2399.00 PKR,https://kicks-kraze.com/product?product_id=6931ec332e645d4ac3beab1e,https://kickskraze.b-cdn.net/kickskraze/1iRB1EUzOw.webp,Versla,Apparel & Accessories > Shoes,clothing & accessories > shoes & footwear > women's shoes > heels,1,female,all ages,,38
6931ebae2e645d4ac3be91cd,6931ebae2e645d4ac3be91cd,SMS-CHA-36-1F17,GTIN-6931ebae2e645d4ac3be91cd,MPN-6931ebae2e645d4ac3be91cd,Charles & keith heel,"100% authentic original product â€” not replica, fake or first copy.",in stock,used,2799.00 PKR,https://kicks-kraze.com/product?product_id=6931ebae2e645d4ac3be91cd,https://kickskraze.b-cdn.net/kickskraze/5DEiJKKBTe.webp,Charles & Keith,Apparel & Accessories > Shoes,clothing & accessories > shoes & footwear > women's shoes > heels,1,female,all ages,,36
6931e9252e645d4ac3be785e,6931e9252e645d4ac3be785e,SMS-NEW-40-D754,GTIN-6931e9252e645d4ac3be785e,MPN-6931e9252e645d4ac3be785e,NEW LOOK BLACK ðŸ–¤,"100% authentic original product â€” not replica, fake or first copy.",in stock,used,2699.00 PKR,https://kicks-kraze.com/product?product_id=6931e9252e645d4ac3be785e,https://kickskraze.b-cdn.net/kickskraze/i-QNS4rPGI.webp,New Look,Apparel & Accessories > Shoes,clothing & accessories > shoes & footwear > women's shoes > heels,1,female,all ages,,40
6931e88b2e645d4ac3be12c3,6931e88b2e645d4ac3be12c3,SMS-DUN-39-8024,GTIN-6931e88b2e645d4ac3be12c3,MPN-6931e88b2e645d4ac3be12c3,Dune Black heel,"100% authentic original product â€” not replica, fake or first copy.",in stock,used,2699.00 PKR,https://kicks-kraze.com/product?product_id=6931e88b2e645d4ac3be12c3,https://kickskraze.b-cdn.net/kickskraze/uCnm0U9zk0.webp,Dune,Apparel & Accessories > Shoes,clothing & accessories > shoes & footwear > women's shoes > heels,1,female,all ages,,39
6931e7f42e645d4ac3bdf8e0,6931e7f42e645d4ac3bdf8e0,SMS-HEE-40-2B7F,GTIN-6931e7f42e645d4ac3bdf8e0,MPN-6931e7f42e645d4ac3bdf8e0,Multi color snake skin women size 40,"100% authentic original product â€” not replica, fake or first copy.",in stock,used,2299.00 PKR,https://kicks-kraze.com/product?product_id=6931e7f42e645d4ac3bdf8e0,https://kickskraze.b-cdn.net/kickskraze/fqiB1AZY3B.webp,Heel,Apparel & Accessories > Shoes,clothing & accessories > shoes & footwear > women's shoes > heels,1,female,all ages,,40
6931e6dd2e645d4ac3bdc606,6931e6dd2e645d4ac3bdc606,SMS-SHE-37-89D8,GTIN-6931e6dd2e645d4ac3bdc606,MPN-6931e6dd2e645d4ac3bdc606,Sheln ,"100% authentic original product â€” not replica, fake or first copy.",in stock,used,2399.00 PKR,https://kicks-kraze.com/product?product_id=6931e6dd2e645d4ac3bdc606,https://kickskraze.b-cdn.net/kickskraze/wl-ZEcrHob.webp,Sheln,Apparel & Accessories > Shoes,clothing & accessories > shoes & footwear > women's shoes > heels,1,female,all ages,,37
6931e60c2e645d4ac3bdacc1,6931e60c2e645d4ac3bdacc1,SMS-CHR-39-25E5,GTIN-6931e60c2e645d4ac3bdacc1,MPN-6931e60c2e645d4ac3bdacc1,CHRISTIAN SIRIANO FOR PLAYE 99 â™¥ï¸,"100% authentic original product â€” not replica, fake or first copy.",in stock,used,2499.00 PKR,https://kicks-kraze.com/product?product_id=6931e60c2e645d4ac3bdacc1,https://kickskraze.b-cdn.net/kickskraze/D8dJpJT50N.webp,Christian Siriano,Apparel & Accessories > Shoes,clothing & accessories > shoes & footwear > women's shoes > heels,1,female,all ages,,39
6931e51a2e645d4ac3bd9381,6931e51a2e645d4ac3bd9381,SMS-HEE-39-3758,GTIN-6931e51a2e645d4ac3bd9381,MPN-6931e51a2e645d4ac3bd9381,Women size 39  Heel,"100% authentic original product â€” not replica, fake or first copy.",in stock,used,1999.00 PKR,https://kicks-kraze.com/product?product_id=6931e51a2e645d4ac3bd9381,https://kickskraze.b-cdn.net/kickskraze/X_MYMM67A0.webp,Heel,Apparel & Accessories > Shoes,clothing & accessories > shoes & footwear > women's shoes > heels,1,female,all ages,,39
6931e4be2e645d4ac3bd7a54,6931e4be2e645d4ac3bd7a54,SMS-NEX-41-4FAD,GTIN-6931e4be2e645d4ac3bd7a54,MPN-6931e4be2e645d4ac3bd7a54,Next Forever comfort ðŸŒ¸ Heel,"100% authentic original product â€” not replica, fake or first copy.",in stock,used,2699.00 PKR,https://kicks-kraze.com/product?product_id=6931e4be2e645d4ac3bd7a54,https://kickskraze.b-cdn.net/kickskraze/ldwBGCD6Y0.webp,Next,Apparel & Accessories > Shoes,clothing & accessories > shoes & footwear > women's shoes > heels,1,female,all ages,,41
6931e4392e645d4ac3bd6105,6931e4392e645d4ac3bd6105,SMS-ZAR-40-31C2,GTIN-6931e4392e645d4ac3bd6105,MPN-6931e4392e645d4ac3bd6105,ZARA  TRAFALUL,"100% authentic original product â€” not replica, fake or first copy.",in stock,used,2499.00 PKR,https://kicks-kraze.com/product?product_id=6931e4392e645d4ac3bd6105,https://kickskraze.b-cdn.net/kickskraze/7ji9eJWqcL.webp,Zara,Apparel & Accessories > Shoes,clothing & accessories > shoes & footwear > women's shoes > heels,1,female,all ages,,40
6931e3d82e645d4ac3bd47eb,6931e3d82e645d4ac3bd47eb,SMS-IST-39-A9CC,GTIN-6931e3d82e645d4ac3bd47eb,MPN-6931e3d82e645d4ac3bd47eb,ISTA PERLA,"100% authentic original product â€” not replica, fake or first copy.",in stock,used,1999.00 PKR,https://kicks-kraze.com/product?product_id=6931e3d82e645d4ac3bd47eb,https://kickskraze.b-cdn.net/kickskraze/H6HAzAQ__E.webp,Ista Perla,Apparel & Accessories > Shoes,clothing & accessories > shoes & footwear > women's shoes > heels,1,female,all ages,,39
6931e2b52e645d4ac3bd2e8c,6931e2b52e645d4ac3bd2e8c,SMS-PRI-39-F581,GTIN-6931e2b52e645d4ac3bd2e8c,MPN-6931e2b52e645d4ac3bd2e8c,PRIMARK Heel ,"100% authentic original product â€” not replica, fake or first copy.",in stock,used,2699.00 PKR,https://kicks-kraze.com/product?product_id=6931e2b52e645d4ac3bd2e8c,https://kickskraze.b-cdn.net/kickskraze/tWcaEIorrT.webp,Primark,Apparel & Accessories > Shoes,clothing & accessories > shoes & footwear > women's shoes > heels,1,female,all ages,,39
6931e1d52e645d4ac3bd155b,6931e1d52e645d4ac3bd155b,SMS-ZAR-36-F717,GTIN-6931e1d52e645d4ac3bd155b,MPN-6931e1d52e645d4ac3bd155b,ZARA,"100% authentic original product â€” not replica, fake or first copy.",in stock,used,2600.00 PKR,https://kicks-kraze.com/product?product_id=6931e1d52e645d4ac3bd155b,https://kickskraze.b-cdn.net/kickskraze/AeLbVF5JG5.webp,Zara,Apparel & Accessories > Shoes,clothing & accessories > shoes & footwear > women's shoes > heels,1,female,all ages,,36
6931e16e2e645d4ac3bcfc45,6931e16e2e645d4ac3bcfc45,SMS-HM-38-835B,GTIN-6931e16e2e645d4ac3bcfc45,MPN-6931e16e2e645d4ac3bcfc45,H&M heel,"100% authentic original product â€” not replica, fake or first copy.",in stock,used,2699.00 PKR,https://kicks-kraze.com/product?product_id=6931e16e2e645d4ac3bcfc45,https://kickskraze.b-cdn.net/kickskraze/3Ja8wfVS2h.webp,H&m,Apparel & Accessories > Shoes,clothing & accessories > shoes & footwear > women's shoes > heels,1,female,all ages,,38
6931db582e645d4ac3bce071,6931db582e645d4ac3bce071,SMS-ETU-41-118A,GTIN-6931db582e645d4ac3bce071,MPN-6931db582e645d4ac3bce071,Etuna,"100% authentic original product â€” not replica, fake or first copy.",in stock,used,1999.00 PKR,https://kicks-kraze.com/product?product_id=6931db582e645d4ac3bce071,https://kickskraze.b-cdn.net/kickskraze/ULXvhR3u3m.webp,Etuna,Apparel & Accessories > Shoes,clothing & accessories > shoes & footwear > women's shoes > heels,1,female,all ages,,41
6931daba2e645d4ac3bcc729,6931daba2e645d4ac3bcc729,SMS-NIN-37-4E66,GTIN-6931daba2e645d4ac3bcc729,MPN-6931daba2e645d4ac3bcc729,Nine west Heel,"100% authentic original product â€” not replica, fake or first copy.",in stock,used,2199.00 PKR,https://kicks-kraze.com/product?product_id=6931daba2e645d4ac3bcc729,https://kickskraze.b-cdn.net/kickskraze/FOkc2iXsOg.webp,Nine West,Apparel & Accessories > Shoes,clothing & accessories > shoes & footwear > women's shoes > heels,1,female,all ages,,37
6931d8322e645d4ac3bcacc4,6931d8322e645d4ac3bcacc4,SMS-ZAR-40-8FF9,GTIN-6931d8322e645d4ac3bcacc4,MPN-6931d8322e645d4ac3bcacc4,Zara black heel,"100% authentic original product â€” not replica, fake or first copy.",in stock,used,2600.00 PKR,https://kicks-kraze.com/product?product_id=6931d8322e645d4ac3bcacc4,https://kickskraze.b-cdn.net/kickskraze/pGxyyZAbqF.webp,Zara,Apparel & Accessories > Shoes,clothing & accessories > shoes & footwear > women's shoes > heels,1,female,all ages,,40
6931d7d22e645d4ac3bc9399,6931d7d22e645d4ac3bc9399,SMS-SAS-37-B885,GTIN-6931d7d22e645d4ac3bc9399,MPN-6931d7d22e645d4ac3bc9399,SAS Heel,"100% authentic original product â€” not replica, fake or first copy.",in stock,used,1999.00 PKR,https://kicks-kraze.com/product?product_id=6931d7d22e645d4ac3bc9399,https://kickskraze.b-cdn.net/kickskraze/wczvKNnXhG.webp,Sas,Apparel & Accessories > Shoes,clothing & accessories > shoes & footwear > women's shoes > heels,1,female,all ages,,37
6931d76f2e645d4ac3bc7a20,6931d76f2e645d4ac3bc7a20,SMS-ZAR-40-15E6,GTIN-6931d76f2e645d4ac3bc7a20,MPN-6931d76f2e645d4ac3bc7a20,ZARA Basic Collection Heel,"100% authentic original product â€” not replica, fake or first copy.",in stock,used,2600.00 PKR,https://kicks-kraze.com/product?product_id=6931d76f2e645d4ac3bc7a20,https://kickskraze.b-cdn.net/kickskraze/7qUDuoeSfS.webp,Zara,Apparel & Accessories > Shoes,clothing & accessories > shoes & footwear > women's shoes > heels,1,female,all ages,,40
692be1722e645d4ac38b2168,692be1722e645d4ac38b2168,SMS-DAY-36-5E31,GTIN-692be1722e645d4ac38b2168,MPN-692be1722e645d4ac38b2168,Day vine,"100% authentic original product â€” not replica, fake or first copy.",in stock,used,1999.00 PKR,https://kicks-kraze.com/product?product_id=692be1722e645d4ac38b2168,https://kickskraze.b-cdn.net/kickskraze/K-JUPau8q0.webp,Day Vine,Apparel & Accessories > Shoes,clothing & accessories > shoes & footwear > women's shoes > heels,1,female,all ages,,36
692be1092e645d4ac38b09a2,692be1092e645d4ac38b09a2,SMS-TRU-39-3468,GTIN-692be1092e645d4ac38b09a2,MPN-692be1092e645d4ac38b09a2,TRUFFLE COLLECTION ,"100% authentic original product â€” not replica, fake or first copy.",in stock,used,1999.00 PKR,https://kicks-kraze.com/product?product_id=692be1092e645d4ac38b09a2,https://kickskraze.b-cdn.net/kickskraze/MZThzB6940.webp,Truffle Collec ,Apparel & Accessories > Shoes,clothing & accessories > shoes & footwear > women's shoes > heels,1,female,all ages,,39
692be0922e645d4ac38af1d8,692be0922e645d4ac38af1d8,SMS-HEE-41-C58F,GTIN-692be0922e645d4ac38af1d8,MPN-692be0922e645d4ac38af1d8,Jet Black Heel ðŸ–¤â¤ï¸â€ðŸ”¥,"100% authentic original product â€” not replica, fake or first copy.",in stock,used,1999.00 PKR,https://kicks-kraze.com/product?product_id=692be0922e645d4ac38af1d8,https://kickskraze.b-cdn.net/kickskraze/6DMjAWYO_X.webp,Heel,Apparel & Accessories > Shoes,clothing & accessories > shoes & footwear > women's shoes > heels,1,female,all ages,,41
692be0152e645d4ac38ada00,692be0152e645d4ac38ada00,SMS-NEW-37-2488,GTIN-692be0152e645d4ac38ada00,MPN-692be0152e645d4ac38ada00,NEW LOOK,"100% authentic original product â€” not replica, fake or first copy.",in stock,used,2099.00 PKR,https://kicks-kraze.com/product?product_id=692be0152e645d4ac38ada00,https://kickskraze.b-cdn.net/kickskraze/gjb_h5iy8n.webp,New Look,Apparel & Accessories > Shoes,clothing & accessories > shoes & footwear > women's shoes > heels,1,female,all ages,,37
692bdfa92e645d4ac38ac244,692bdfa92e645d4ac38ac244,SMS-ANS-41-0FA7,GTIN-692bdfa92e645d4ac38ac244,MPN-692bdfa92e645d4ac38ac244,ANSL,"100% authentic original product â€” not replica, fake or first copy.",in stock,used,1999.00 PKR,https://kicks-kraze.com/product?product_id=692bdfa92e645d4ac38ac244,https://kickskraze.b-cdn.net/kickskraze/XCIzO7HOKJ.webp,Ansl,Apparel & Accessories > Shoes,clothing & accessories > shoes & footwear > women's shoes > heels,1,female,all ages,,41
692bdf3a2e645d4ac38aaa8c,692bdf3a2e645d4ac38aaa8c,SMS-HEE-38-0EF0,GTIN-692bdf3a2e645d4ac38aaa8c,MPN-692bdf3a2e645d4ac38aaa8c,Black heel ðŸ–¤,"100% authentic original product â€” not replica, fake or first copy.",in stock,used,1999.00 PKR,https://kicks-kraze.com/product?product_id=692bdf3a2e645d4ac38aaa8c,https://kickskraze.b-cdn.net/kickskraze/RTPJdm-xnp.webp,Heel,Apparel & Accessories > Shoes,clothing & accessories > shoes & footwear > women's shoes > heels,1,female,all ages,,38
692bdecf2e645d4ac38a928c,692bdecf2e645d4ac38a928c,SMS-JEN-39.5-E91C,GTIN-692bdecf2e645d4ac38a928c,MPN-692bdecf2e645d4ac38a928c,Jenn Ardor,"100% authentic original product â€” not replica, fake or first copy.",in stock,used,2199.00 PKR,https://kicks-kraze.com/product?product_id=692bdecf2e645d4ac38a928c,https://kickskraze.b-cdn.net/kickskraze/WsXgHQ7xZS.webp,Jenn Ardor,Apparel & Accessories > Shoes,clothing & accessories > shoes & footwear > women's shoes > heels,1,female,all ages,,39.5
692bde632e645d4ac38a7ab8,692bde632e645d4ac38a7ab8,SMS-MAR-39.5-D2EE,GTIN-692bde632e645d4ac38a7ab8,MPN-692bde632e645d4ac38a7ab8,Marc Fisher Ltd Heel ,"100% authentic original product â€” not replica, fake or first copy.",out of stock,used,3999.00 PKR,https://kicks-kraze.com/product?product_id=692bde632e645d4ac38a7ab8,https://kickskraze.b-cdn.net/kickskraze/KdtV1b4hnu.webp,Marc Fisher Ltd,Apparel & Accessories > Shoes,clothing & accessories > shoes & footwear > women's shoes > heels,0,female,all ages,,39.5
692bddc72e645d4ac38a62ab,692bddc72e645d4ac38a62ab,SMS-HM-40-ABBA,GTIN-692bddc72e645d4ac38a62ab,MPN-692bddc72e645d4ac38a62ab,HM heel ðŸ’–,"100% authentic original product â€” not replica, fake or first copy.",in stock,used,2799.00 PKR,https://kicks-kraze.com/product?product_id=692bddc72e645d4ac38a62ab,https://kickskraze.b-cdn.net/kickskraze/oBWFZH4zk0.webp,Hm,Apparel & Accessories > Shoes,clothing & accessories > shoes & footwear > women's shoes > heels,1,female,all ages,,40
692bdd612e645d4ac38a4af2,692bdd612e645d4ac38a4af2,SMS-HEE-38-53EE,GTIN-692bdd612e645d4ac38a4af2,MPN-692bdd612e645d4ac38a4af2,Black pencil Heel ðŸ–¤,"100% authentic original product â€” not replica, fake or first copy.",in stock,used,2199.00 PKR,https://kicks-kraze.com/product?product_id=692bdd612e645d4ac38a4af2,https://kickskraze.b-cdn.net/kickskraze/kE2vL-wm0e.webp,Heel,Apparel & Accessories > Shoes,clothing & accessories > shoes & footwear > women's shoes > heels,1,female,all ages,,38
692bdcfa2e645d4ac38a3326,692bdcfa2e645d4ac38a3326,SMS-FAI-40-0F29,GTIN-692bdcfa2e645d4ac38a3326,MPN-692bdcfa2e645d4ac38a3326,Faishon heels,"100% authentic original product â€” not replica, fake or first copy.",in stock,used,1599.00 PKR,https://kicks-kraze.com/product?product_id=692bdcfa2e645d4ac38a3326,https://kickskraze.b-cdn.net/kickskraze/qNDzM3dAY5.webp,Faishon,Apparel & Accessories > Shoes,clothing & accessories > shoes & footwear > women's shoes > heels,1,female,all ages,,40
692bdc6c2e645d4ac38a1b66,692bdc6c2e645d4ac38a1b66,SMS-ARE-41-262C,GTIN-692bdc6c2e645d4ac38a1b66,MPN-692bdc6c2e645d4ac38a1b66,Areezo,"100% authentic original product â€” not replica, fake or first copy.",in stock,used,2399.00 PKR,https://kicks-kraze.com/product?product_id=692bdc6c2e645d4ac38a1b66,https://kickskraze.b-cdn.net/kickskraze/yJuUimjy0L.webp,Areezo,Apparel & Accessories > Shoes,clothing & accessories > shoes & footwear > women's shoes > heels,1,female,all ages,,41
692bdbfc2e645d4ac38a03c8,692bdbfc2e645d4ac38a03c8,SMS-RED-40-1902,GTIN-692bdbfc2e645d4ac38a03c8,MPN-692bdbfc2e645d4ac38a03c8,Red tag,"100% authentic original product â€” not replica, fake or first copy.",in stock,used,1999.00 PKR,https://kicks-kraze.com/product?product_id=692bdbfc2e645d4ac38a03c8,https://kickskraze.b-cdn.net/kickskraze/8WGB0c3Upa.webp,Red Tag,Apparel & Accessories > Shoes,clothing & accessories > shoes & footwear > women's shoes > heels,1,female,all ages,,40
692bdb962e645d4ac389ec2c,692bdb962e645d4ac389ec2c,SMS-SEE-39-3464,GTIN-692bdb962e645d4ac389ec2c,MPN-692bdb962e645d4ac389ec2c,Seera heel,"100% authentic original product â€” not replica, fake or first copy.",in stock,used,2199.00 PKR,https://kicks-kraze.com/product?product_id=692bdb962e645d4ac389ec2c,https://kickskraze.b-cdn.net/kickskraze/pmdgfQVZ6Y.webp,Seera,Apparel & Accessories > Shoes,clothing & accessories > shoes & footwear > women's shoes > heels,1,female,all ages,,39
692b7cc1d3527c3a8ad6cdff,692b7cc1d3527c3a8ad6cdff,SMS-CHU-37-3CBE,GTIN-692b7cc1d3527c3a8ad6cdff,MPN-692b7cc1d3527c3a8ad6cdff,Chun sen,"100% authentic original product â€” not replica, fake or first copy.",in stock,used,2300.00 PKR,https://kicks-kraze.com/product?product_id=692b7cc1d3527c3a8ad6cdff,https://kickskraze.b-cdn.net/kickskraze/aiq8wMhDJ0.webp,Chun Sen,Apparel & Accessories > Shoes,clothing & accessories > shoes & footwear > women's shoes > heels,1,female,all ages,,37
692b7c13a182d7fd0462424d,692b7c13a182d7fd0462424d,SMS-STE-41-159C,GTIN-692b7c13a182d7fd0462424d,MPN-692b7c13a182d7fd0462424d,Step up heel,"100% authentic original product â€” not replica, fake or first copy.",in stock,used,1700.00 PKR,https://kicks-kraze.com/product?product_id=692b7c13a182d7fd0462424d,https://kickskraze.b-cdn.net/kickskraze/FbijQF777b.webp,Stepup,Apparel & Accessories > Shoes,clothing & accessories > shoes & footwear > women's shoes > heels,1,female,all ages,,41
692b7b87a182d7fd04622ab2,692b7b87a182d7fd04622ab2,SMS-HEE-39-3603,GTIN-692b7b87a182d7fd04622ab2,MPN-692b7b87a182d7fd04622ab2,Foan Heel ,"100% authentic original product â€” not replica, fake or first copy.",in stock,used,1599.00 PKR,https://kicks-kraze.com/product?product_id=692b7b87a182d7fd04622ab2,https://kickskraze.b-cdn.net/kickskraze/H7yVCNI8gq.webp,Heel,Apparel & Accessories > Shoes,clothing & accessories > shoes & footwear > women's shoes > heels,1,female,all ages,,39
692b7b24a182d7fd04621324,692b7b24a182d7fd04621324,SMS-AME-39.5-7255,GTIN-692b7b24a182d7fd04621324,MPN-692b7b24a182d7fd04621324,American Galmour Badgely mischka ,"100% authentic original product â€” not replica, fake or first copy.",in stock,used,1999.00 PKR,https://kicks-kraze.com/product?product_id=692b7b24a182d7fd04621324,https://kickskraze.b-cdn.net/kickskraze/SShIYJ2wkA.webp,American Galmour Badgely Mischka ,Apparel & Accessories > Shoes,clothing & accessories > shoes & footwear > women's shoes > heels,1,female,all ages,,39.5
692b7a7fa182d7fd0461fb9a,692b7a7fa182d7fd0461fb9a,SMS-RFA-40-8284,GTIN-692b7a7fa182d7fd0461fb9a,MPN-692b7a7fa182d7fd0461fb9a,R faishon,"100% authentic original product â€” not replica, fake or first copy.",in stock,used,2200.00 PKR,https://kicks-kraze.com/product?product_id=692b7a7fa182d7fd0461fb9a,https://kickskraze.b-cdn.net/kickskraze/-DvsYu_Siq.webp,R Faishon,Apparel & Accessories > Shoes,clothing & accessories > shoes & footwear > women's shoes > heels,1,female,all ages,,40
692b79dba182d7fd0461e413,692b79dba182d7fd0461e413,SMS-ASO-37-BF23,GTIN-692b79dba182d7fd0461e413,MPN-692b79dba182d7fd0461e413,Asos Design,"100% authentic original product â€” not replica, fake or first copy.",in stock,used,2200.00 PKR,https://kicks-kraze.com/product?product_id=692b79dba182d7fd0461e413,https://kickskraze.b-cdn.net/kickskraze/WgvotzBGB-.webp,Asos Design,Apparel & Accessories > Shoes,clothing & accessories > shoes & footwear > women's shoes > heels,1,female,all ages,,37
692b793aa182d7fd0461cc4f,692b793aa182d7fd0461cc4f,SMS-ZAR-35.5-D2C1,GTIN-692b793aa182d7fd0461cc4f,MPN-692b793aa182d7fd0461cc4f,ZARA WOMEN ANKLE BOOTS ,"100% authentic original product â€” not replica, fake or first copy.",in stock,used,2200.00 PKR,https://kicks-kraze.com/product?product_id=692b793aa182d7fd0461cc4f,https://kickskraze.b-cdn.net/kickskraze/d5Yu47-iv4.webp,Zara,Apparel & Accessories > Shoes,clothing & accessories > shoes & footwear > women's shoes > heels,1,female,all ages,,35.5
692b783aa182d7fd04619d12,692b783aa182d7fd04619d12,SMS-PRE-36.5-8632,GTIN-692b783aa182d7fd04619d12,MPN-692b783aa182d7fd04619d12,Pretty Little Thing,"100% authentic original product â€” not replica, fake or first copy.",in stock,used,1999.00 PKR,https://kicks-kraze.com/product?product_id=692b783aa182d7fd04619d12,https://kickskraze.b-cdn.net/kickskraze/ucWbosjwZ8.webp,Pretty Little Thing,Apparel & Accessories > Shoes,clothing & accessories > shoes & footwear > women's shoes > heels,1,female,all ages,,36.5
692b7774b0d7239234c105b0,692b7774b0d7239234c105b0,SMS-OFF-41-6083,GTIN-692b7774b0d7239234c105b0,MPN-692b7774b0d7239234c105b0,OFFICE LONDON HEEL,"100% authentic original product â€” not replica, fake or first copy.",in stock,used,2199.00 PKR,https://kicks-kraze.com/product?product_id=692b7774b0d7239234c105b0,https://kickskraze.b-cdn.net/kickskraze/qOz-sgmVfc.webp,Office London,Apparel & Accessories > Shoes,clothing & accessories > shoes & footwear > women's shoes > heels,1,female,all ages,,41
692b76d6b0d7239234c0ee3a,692b76d6b0d7239234c0ee3a,SMS-ALD-38.5-D8F1,GTIN-692b76d6b0d7239234c0ee3a,MPN-692b76d6b0d7239234c0ee3a,Aldo heel,"100% authentic original product â€” not replica, fake or first copy.",in stock,used,2199.00 PKR,https://kicks-kraze.com/product?product_id=692b76d6b0d7239234c0ee3a,https://kickskraze.b-cdn.net/kickskraze/1o7l7j4LkW.webp,Aldo,Apparel & Accessories > Shoes,clothing & accessories > shoes & footwear > women's shoes > heels,1,female,all ages,,38.5
692b766cb0d7239234c0d6c8,692b766cb0d7239234c0d6c8,SMS-REN-36-5B23,GTIN-692b766cb0d7239234c0d6c8,MPN-692b766cb0d7239234c0d6c8,Renuar,"100% authentic original product â€” not replica, fake or first copy.",in stock,used,1999.00 PKR,https://kicks-kraze.com/product?product_id=692b766cb0d7239234c0d6c8,https://kickskraze.b-cdn.net/kickskraze/0paIbtqcY7.webp,Renuar,Apparel & Accessories > Shoes,clothing & accessories > shoes & footwear > women's shoes > heels,1,female,all ages,,36
692b75d9b0d7239234c0bf5b,692b75d9b0d7239234c0bf5b,SMS-ZAR-41-2D56,GTIN-692b75d9b0d7239234c0bf5b,MPN-692b75d9b0d7239234c0bf5b,Zara Black Heel ðŸ–¤,"100% authentic original product â€” not replica, fake or first copy.",in stock,used,2200.00 PKR,https://kicks-kraze.com/product?product_id=692b75d9b0d7239234c0bf5b,https://kickskraze.b-cdn.net/kickskraze/9wBFdPWhtK.webp,Zara,Apparel & Accessories > Shoes,clothing & accessories > shoes & footwear > women's shoes > heels,1,female,all ages,,41
692b7566b0d7239234c0a7f1,692b7566b0d7239234c0a7f1,SMS-ZAR-39-45E6,GTIN-692b7566b0d7239234c0a7f1,MPN-692b7566b0d7239234c0a7f1,Zara,"100% authentic original product â€” not replica, fake or first copy.",in stock,used,2200.00 PKR,https://kicks-kraze.com/product?product_id=692b7566b0d7239234c0a7f1,https://kickskraze.b-cdn.net/kickskraze/TOsRwKhtjV.webp,Zara,Apparel & Accessories > Shoes,clothing & accessories > shoes & footwear > women's shoes > heels,1,female,all ages,,39
692b7507b0d7239234c0908a,692b7507b0d7239234c0908a,SMS-PRI-38-FE14,GTIN-692b7507b0d7239234c0908a,MPN-692b7507b0d7239234c0908a,Primark heels,"100% authentic original product â€” not replica, fake or first copy.",in stock,used,2199.00 PKR,https://kicks-kraze.com/product?product_id=692b7507b0d7239234c0908a,https://kickskraze.b-cdn.net/kickskraze/G7XosU8kgL.webp,Primark,Apparel & Accessories > Shoes,clothing & accessories > shoes & footwear > women's shoes > heels,1,female,all ages,,38
692b7486b0d7239234c0791f,692b7486b0d7239234c0791f,SMS-HEE-39-C035,GTIN-692b7486b0d7239234c0791f,MPN-692b7486b0d7239234c0791f,Silver Heel ,"100% authentic original product â€” not replica, fake or first copy.",in stock,used,1599.00 PKR,https://kicks-kraze.com/product?product_id=692b7486b0d7239234c0791f,https://kickskraze.b-cdn.net/kickskraze/DpJ3Vk4hrr.webp,Heel,Apparel & Accessories > Shoes,clothing & accessories > shoes & footwear > women's shoes > heels,1,female,all ages,,39
692b73ddb0d7239234c061bd,692b73ddb0d7239234c061bd,SMS-ANS-38-6AEB,GTIN-692b73ddb0d7239234c061bd,MPN-692b73ddb0d7239234c061bd,ANSL,"100% authentic original product â€” not replica, fake or first copy.",in stock,used,1999.00 PKR,https://kicks-kraze.com/product?product_id=692b73ddb0d7239234c061bd,https://kickskraze.b-cdn.net/kickskraze/bnhqL7AKfu.webp,Ansl,Apparel & Accessories > Shoes,clothing & accessories > shoes & footwear > women's shoes > heels,1,female,all ages,,38
692b7372b0d7239234c04a46,692b7372b0d7239234c04a46,SMS-MNG-39-C9B4,GTIN-692b7372b0d7239234c04a46,MPN-692b7372b0d7239234c04a46,MNG,"100% authentic original product â€” not replica, fake or first copy.",in stock,used,1999.00 PKR,https://kicks-kraze.com/product?product_id=692b7372b0d7239234c04a46,https://kickskraze.b-cdn.net/kickskraze/NFDxkroA82.webp,Mng,Apparel & Accessories > Shoes,clothing & accessories > shoes & footwear > women's shoes > heels,1,female,all ages,,39
692b72dab0d7239234c032e7,692b72dab0d7239234c032e7,SMS-SWE-40-991C,GTIN-692b72dab0d7239234c032e7,MPN-692b72dab0d7239234c032e7,Sweet Shoes ,"100% authentic original product â€” not replica, fake or first copy.",in stock,used,1999.00 PKR,https://kicks-kraze.com/product?product_id=692b72dab0d7239234c032e7,https://kickskraze.b-cdn.net/kickskraze/JH7aEz2Bo1.webp,Sweet Shoes ,Apparel & Accessories > Shoes,clothing & accessories > shoes & footwear > women's shoes > heels,1,female,all ages,,40
692b7248b0d7239234c01b8f,692b7248b0d7239234c01b8f,SMS-TED-39-745B,GTIN-692b7248b0d7239234c01b8f,MPN-692b7248b0d7239234c01b8f,Ted Baker London,"100% authentic original product â€” not replica, fake or first copy.",in stock,used,1999.00 PKR,https://kicks-kraze.com/product?product_id=692b7248b0d7239234c01b8f,https://kickskraze.b-cdn.net/kickskraze/gUlp0XzT98.webp,Ted Baker London,Apparel & Accessories > Shoes,clothing & accessories > shoes & footwear > women's shoes > heels,1,female,all ages,,39
692b71cfb0d7239234c0043a,692b71cfb0d7239234c0043a,SMS-VAL-39-67A8,GTIN-692b71cfb0d7239234c0043a,MPN-692b71cfb0d7239234c0043a,VALEN BELLA,"100% authentic original product â€” not replica, fake or first copy.",out of stock,used,1799.00 PKR,https://kicks-kraze.com/product?product_id=692b71cfb0d7239234c0043a,https://kickskraze.b-cdn.net/kickskraze/WXuYpw7QZf.webp,Valen Bella,Apparel & Accessories > Shoes,clothing & accessories > shoes & footwear > women's shoes > heels,0,female,all ages,,39
692b714cb0d7239234bfece9,692b714cb0d7239234bfece9,SMS-HEE-39-57D1,GTIN-692b714cb0d7239234bfece9,MPN-692b714cb0d7239234bfece9,Black heels ðŸ–¤,"100% authentic original product â€” not replica, fake or first copy.",in stock,used,1799.00 PKR,https://kicks-kraze.com/product?product_id=692b714cb0d7239234bfece9,https://kickskraze.b-cdn.net/kickskraze/4SmpK3CzM6.webp,Heels,Apparel & Accessories > Shoes,clothing & accessories > shoes & footwear > women's shoes > heels,1,female,all ages,,39
692b70cdb0d7239234bfd59b,692b70cdb0d7239234bfd59b,SMS-NOS-38-85B0,GTIN-692b70cdb0d7239234bfd59b,MPN-692b70cdb0d7239234bfd59b,No 55 shoes ,"100% authentic original product â€” not replica, fake or first copy.",in stock,used,1799.00 PKR,https://kicks-kraze.com/product?product_id=692b70cdb0d7239234bfd59b,https://kickskraze.b-cdn.net/kickskraze/h1JuLqtVuG.webp,No 55 Shoes ,Apparel & Accessories > Shoes,clothing & accessories > shoes & footwear > women's shoes > heels,1,female,all ages,,38
692b7048b0d7239234bfbe46,692b7048b0d7239234bfbe46,SMS-ZAR-39-0CD2,GTIN-692b7048b0d7239234bfbe46,MPN-692b7048b0d7239234bfbe46,Zara sandles,"100% authentic original product â€” not replica, fake or first copy.",in stock,used,2199.00 PKR,https://kicks-kraze.com/product?product_id=692b7048b0d7239234bfbe46,https://kickskraze.b-cdn.net/kickskraze/3eXgpGV3pi.webp,Zara,Apparel & Accessories > Shoes,clothing & accessories > shoes & footwear > women's shoes > heels,1,female,all ages,,39
692abf89b0d7239234bd67ec,692abf89b0d7239234bd67ec,SMS-SIM-39-CCDB,GTIN-692abf89b0d7239234bd67ec,MPN-692abf89b0d7239234bd67ec,SIMMI LONDON ,"100% authentic original product â€” not replica, fake or first copy.",in stock,used,1799.00 PKR,https://kicks-kraze.com/product?product_id=692abf89b0d7239234bd67ec,https://kickskraze.b-cdn.net/kickskraze/XUD7FmgMEh.webp,Simmi London ,Apparel & Accessories > Shoes,clothing & accessories > shoes & footwear > women's shoes > heels,1,female,all ages,,39
692a638ab0d7239234bcd3ea,692a638ab0d7239234bcd3ea,SMS-ASO-38.5-D6FD,GTIN-692a638ab0d7239234bcd3ea,MPN-692a638ab0d7239234bcd3ea,Asos Deisgn,"100% authentic original product â€” not replica, fake or first copy.",in stock,used,1999.00 PKR,https://kicks-kraze.com/product?product_id=692a638ab0d7239234bcd3ea,https://kickskraze.b-cdn.net/kickskraze/lydUUtiujL.webp,Asos Deisgn,Apparel & Accessories > Shoes,clothing & accessories > shoes & footwear > women's shoes > heels,1,female,all ages,,38.5
692a62ecb0d7239234bcbc91,692a62ecb0d7239234bcbc91,SMS-LOT-38.5-0406,GTIN-692a62ecb0d7239234bcbc91,MPN-692a62ecb0d7239234bcbc91,Lotus,"100% authentic original product â€” not replica, fake or first copy.",in stock,used,2199.00 PKR,https://kicks-kraze.com/product?product_id=692a62ecb0d7239234bcbc91,https://kickskraze.b-cdn.net/kickskraze/Up9_zeHDf8.webp,Lotus,Apparel & Accessories > Shoes,clothing & accessories > shoes & footwear > women's shoes > heels,1,female,all ages,,38.5
692a627db0d7239234bca549,692a627db0d7239234bca549,SMS-ZAR-36-FA99,GTIN-692a627db0d7239234bca549,MPN-692a627db0d7239234bca549,Zara ,"100% authentic original product â€” not replica, fake or first copy.",in stock,used,1999.00 PKR,https://kicks-kraze.com/product?product_id=692a627db0d7239234bca549,https://kickskraze.b-cdn.net/kickskraze/aDLBpnAhxR.webp,Zara,Apparel & Accessories > Shoes,clothing & accessories > shoes & footwear > women's shoes > heels,1,female,all ages,,36
692a621fb0d7239234bc8e0f,692a621fb0d7239234bc8e0f,SMS-ASO-40.5-837D,GTIN-692a621fb0d7239234bc8e0f,MPN-692a621fb0d7239234bc8e0f,Asos heel golden,"100% authentic original product â€” not replica, fake or first copy.",in stock,used,1999.00 PKR,https://kicks-kraze.com/product?product_id=692a621fb0d7239234bc8e0f,https://kickskraze.b-cdn.net/kickskraze/M5YAfVwacN.webp,Asos,Apparel & Accessories > Shoes,clothing & accessories > shoes & footwear > women's shoes > heels,1,female,all ages,,40.5
692a616cb0d7239234bc76da,692a616cb0d7239234bc76da,SMS-ZAR-36-A0A0,GTIN-692a616cb0d7239234bc76da,MPN-692a616cb0d7239234bc76da,ZARA,"100% authentic original product â€” not replica, fake or first copy.",in stock,used,2200.00 PKR,https://kicks-kraze.com/product?product_id=692a616cb0d7239234bc76da,https://kickskraze.b-cdn.net/kickskraze/rUTN_XZDWF.webp,Zara,Apparel & Accessories > Shoes,clothing & accessories > shoes & footwear > women's shoes > heels,1,female,all ages,,36
692a60f8b0d7239234bc5f95,692a60f8b0d7239234bc5f95,SMS-HEE-38-952B,GTIN-692a60f8b0d7239234bc5f95,MPN-692a60f8b0d7239234bc5f95,Pencil heel silver ðŸ©¶,"100% authentic original product â€” not replica, fake or first copy.",in stock,used,1699.00 PKR,https://kicks-kraze.com/product?product_id=692a60f8b0d7239234bc5f95,https://kickskraze.b-cdn.net/kickskraze/3D6qwR9XgB.webp,Heels,Apparel & Accessories > Shoes,clothing & accessories > shoes & footwear > women's shoes > heels,1,female,all ages,,38
692a606eb0d7239234bc4862,692a606eb0d7239234bc4862,SMS-LON-39-0692,GTIN-692a606eb0d7239234bc4862,MPN-692a606eb0d7239234bc4862,London rag ,"100% authentic original product â€” not replica, fake or first copy.",out of stock,used,1699.00 PKR,https://kicks-kraze.com/product?product_id=692a606eb0d7239234bc4862,https://kickskraze.b-cdn.net/kickskraze/UJTVrCji-1.webp,London Rag,Apparel & Accessories > Shoes,clothing & accessories > shoes & footwear > women's shoes > heels,0,female,all ages,,39
692a5fe4b0d7239234bc3129,692a5fe4b0d7239234bc3129,SMS-FAB-36.5-34D4,GTIN-692a5fe4b0d7239234bc3129,MPN-692a5fe4b0d7239234bc3129,FABEIFEI â™¥ï¸,"100% authentic original product â€” not replica, fake or first copy.",in stock,used,2300.00 PKR,https://kicks-kraze.com/product?product_id=692a5fe4b0d7239234bc3129,https://kickskraze.b-cdn.net/kickskraze/5Se58acmko.webp,Fabeifei,Apparel & Accessories > Shoes,clothing & accessories > shoes & footwear > women's shoes > heels,1,female,all ages,,36.5
692a5f0db0d7239234bc19d1,692a5f0db0d7239234bc19d1,SMS-ASO-37-2A60,GTIN-692a5f0db0d7239234bc19d1,MPN-692a5f0db0d7239234bc19d1,Asos design,"100% authentic original product â€” not replica, fake or first copy.",in stock,used,2100.00 PKR,https://kicks-kraze.com/product?product_id=692a5f0db0d7239234bc19d1,https://kickskraze.b-cdn.net/kickskraze/HV8rwZr74N.webp,Asos Design,Apparel & Accessories > Shoes,clothing & accessories > shoes & footwear > women's shoes > heels,1,female,all ages,,37
692a5e25b0d7239234bbd913,692a5e25b0d7239234bbd913,SMS-GIA-38.5-24C3,GTIN-692a5e25b0d7239234bbd913,MPN-692a5e25b0d7239234bbd913,Gianni binni,"100% authentic original product â€” not replica, fake or first copy.",in stock,used,1999.00 PKR,https://kicks-kraze.com/product?product_id=692a5e25b0d7239234bbd913,https://kickskraze.b-cdn.net/kickskraze/kDVcmh4_-p.webp,Gianni Binni,Apparel & Accessories > Shoes,clothing & accessories > shoes & footwear > women's shoes > heels,1,female,all ages,,38.5
692c117f2e645d4ac3940e0f,692c117f2e645d4ac3940e0f,ARS-SER-40-B1D3,GTIN-692c117f2e645d4ac3940e0f,MPN-692c117f2e645d4ac3940e0f,Sergio Todzi Heel ,"100% authentic original product â€” not replica, fake or first copy.",in stock,used,3299.00 PKR,https://kicks-kraze.com/product?product_id=692c117f2e645d4ac3940e0f,https://kickskraze.b-cdn.net/kickskraze/4HfXRsRFZY.webp,Sergio Todzi,Apparel & Accessories > Shoes,clothing & accessories > shoes & footwear > women's shoes > heels,1,female,all ages,,40
692c10d42e645d4ac393f521,692c10d42e645d4ac393f521,ARS-NEX-39-F252,GTIN-692c10d42e645d4ac393f521,MPN-692c10d42e645d4ac393f521,Hot pink Next Heel,"100% authentic original product â€” not replica, fake or first copy.",in stock,used,2699.00 PKR,https://kicks-kraze.com/product?product_id=692c10d42e645d4ac393f521,https://kickskraze.b-cdn.net/kickskraze/uMxFL01Z-z.webp,Next,Apparel & Accessories > Shoes,clothing & accessories > shoes & footwear > women's shoes > heels,1,female,all ages,,39
692c103f2e645d4ac393dc0c,692c103f2e645d4ac393dc0c,ARS-HEE-40-8656,GTIN-692c103f2e645d4ac393dc0c,MPN-692c103f2e645d4ac393dc0c,Black heel size 40 women,"100% authentic original product â€” not replica, fake or first copy.",in stock,used,1699.00 PKR,https://kicks-kraze.com/product?product_id=692c103f2e645d4ac393dc0c,https://kickskraze.b-cdn.net/kickskraze/TmdLjrc5Sp.webp,Heel,Apparel & Accessories > Shoes,clothing & accessories > shoes & footwear > women's shoes > heels,1,female,all ages,,40
692c0fc92e645d4ac393c31f,692c0fc92e645d4ac393c31f,ARS-MAX-36-AB5E,GTIN-692c0fc92e645d4ac393c31f,MPN-692c0fc92e645d4ac393c31f,MAX,"100% authentic original product â€” not replica, fake or first copy.",in stock,used,2099.00 PKR,https://kicks-kraze.com/product?product_id=692c0fc92e645d4ac393c31f,https://kickskraze.b-cdn.net/kickskraze/ZgaAkqUvCl.webp,Max,Apparel & Accessories > Shoes,clothing & accessories > shoes & footwear > women's shoes > heels,1,female,all ages,,36
692c0f552e645d4ac393aa1f,692c0f552e645d4ac393aa1f,ARS-HEE-41-6F82,GTIN-692c0f552e645d4ac393aa1f,MPN-692c0f552e645d4ac393aa1f,Shocking pink heel women 41,"100% authentic original product â€” not replica, fake or first copy.",out of stock,used,2099.00 PKR,https://kicks-kraze.com/product?product_id=692c0f552e645d4ac393aa1f,https://kickskraze.b-cdn.net/kickskraze/DlMjkJ6Iwx.webp,Heel,Apparel & Accessories > Shoes,clothing & accessories > shoes & footwear > women's shoes > heels,0,female,all ages,,41
692c0eda2e645d4ac393911f,692c0eda2e645d4ac393911f,ARS-NIH-38-FAB0,GTIN-692c0eda2e645d4ac393911f,MPN-692c0eda2e645d4ac393911f,Nihat Belken,"100% authentic original product â€” not replica, fake or first copy.",in stock,used,2299.00 PKR,https://kicks-kraze.com/product?product_id=692c0eda2e645d4ac393911f,https://kickskraze.b-cdn.net/kickskraze/JKZpYmcJxK.webp,Nihat Belken,Apparel & Accessories > Shoes,clothing & accessories > shoes & footwear > women's shoes > heels,1,female,all ages,,38
692c0e5a2e645d4ac393781d,692c0e5a2e645d4ac393781d,ARS-NIN-40-0540,GTIN-692c0e5a2e645d4ac393781d,MPN-692c0e5a2e645d4ac393781d,NEIL LANE NINE WEST,"100% authentic original product â€” not replica, fake or first copy.",in stock,used,2699.00 PKR,https://kicks-kraze.com/product?product_id=692c0e5a2e645d4ac393781d,https://kickskraze.b-cdn.net/kickskraze/C50YkrQrcM.webp,Nine West,Apparel & Accessories > Shoes,clothing & accessories > shoes & footwear > women's shoes > heels,1,female,all ages,,40
692c0da02e645d4ac3935eed,692c0da02e645d4ac3935eed,ARS-ATM-37-E17F,GTIN-692c0da02e645d4ac3935eed,MPN-692c0da02e645d4ac3935eed,Atmosphere,"100% authentic original product â€” not replica, fake or first copy.",in stock,used,2299.00 PKR,https://kicks-kraze.com/product?product_id=692c0da02e645d4ac3935eed,https://kickskraze.b-cdn.net/kickskraze/cqeGySrQVE.webp,Atmosphere,Apparel & Accessories > Shoes,clothing & accessories > shoes & footwear > women's shoes > heels,1,female,all ages,,37
692c0d002e645d4ac3934607,692c0d002e645d4ac3934607,ARS-PUB-39-AA5E,GTIN-692c0d002e645d4ac3934607,MPN-692c0d002e645d4ac3934607,Public Desire,"100% authentic original product â€” not replica, fake or first copy.",in stock,used,2199.00 PKR,https://kicks-kraze.com/product?product_id=692c0d002e645d4ac3934607,https://kickskraze.b-cdn.net/kickskraze/RivAtcupe0.webp,Public Desire,Apparel & Accessories > Shoes,clothing & accessories > shoes & footwear > women's shoes > heels,1,female,all ages,,39
692c0c832e645d4ac3932cf0,692c0c832e645d4ac3932cf0,ARS-HEE-37-7F92,GTIN-692c0c832e645d4ac3932cf0,MPN-692c0c832e645d4ac3932cf0,White heel size 37 ,"100% authentic original product â€” not replica, fake or first copy.",in stock,used,2199.00 PKR,https://kicks-kraze.com/product?product_id=692c0c832e645d4ac3932cf0,https://kickskraze.b-cdn.net/kickskraze/qAHVnEWk0Z.webp,Heel,Apparel & Accessories > Shoes,clothing & accessories > shoes & footwear > women's shoes > heels,1,female,all ages,,37
692c086d2e645d4ac392e005,692c086d2e645d4ac392e005,ARS-BEA-37-3EE2,GTIN-692c086d2e645d4ac392e005,MPN-692c086d2e645d4ac392e005,Beautiful lady,"100% authentic original product â€” not replica, fake or first copy.",in stock,used,2200.00 PKR,https://kicks-kraze.com/product?product_id=692c086d2e645d4ac392e005,https://kickskraze.b-cdn.net/kickskraze/I3F4mn2yhK.webp,Beautiful Lady,Apparel & Accessories > Shoes,clothing & accessories > shoes & footwear > women's shoes > heels,1,female,all ages,,37
692c08012e645d4ac392c72c,692c08012e645d4ac392c72c,ARS-SHE-37-DFF9,GTIN-692c08012e645d4ac392c72c,MPN-692c08012e645d4ac392c72c,Sheln heel,"100% authentic original product â€” not replica, fake or first copy.",in stock,used,2299.00 PKR,https://kicks-kraze.com/product?product_id=692c08012e645d4ac392c72c,https://kickskraze.b-cdn.net/kickskraze/MA5BSvxsMK.webp,Sheln,Apparel & Accessories > Shoes,clothing & accessories > shoes & footwear > women's shoes > heels,1,female,all ages,,37
692c079b2e645d4ac392ae59,692c079b2e645d4ac392ae59,ARS-WUS-40-4703,GTIN-692c079b2e645d4ac392ae59,MPN-692c079b2e645d4ac392ae59,Wushiliujiali,"100% authentic original product â€” not replica, fake or first copy.",out of stock,used,1999.00 PKR,https://kicks-kraze.com/product?product_id=692c079b2e645d4ac392ae59,https://kickskraze.b-cdn.net/kickskraze/TTgvXGKVaL.webp,Wushiliujiali,Apparel & Accessories > Shoes,clothing & accessories > shoes & footwear > women's shoes > heels,0,female,all ages,,40
692c06ae2e645d4ac3927c28,692c06ae2e645d4ac3927c28,ARS-HEE-36-7184,GTIN-692c06ae2e645d4ac3927c28,MPN-692c06ae2e645d4ac3927c28,Heel for women size 36,"100% authentic original product â€” not replica, fake or first copy.",in stock,used,1999.00 PKR,https://kicks-kraze.com/product?product_id=692c06ae2e645d4ac3927c28,https://kickskraze.b-cdn.net/kickskraze/nnlAVr6ygz.webp,Heel,Apparel & Accessories > Shoes,clothing & accessories > shoes & footwear > women's shoes > heels,1,female,all ages,,36
692c06042e645d4ac3924a01,692c06042e645d4ac3924a01,ARS-ZAR-36-F923,GTIN-692c06042e645d4ac3924a01,MPN-692c06042e645d4ac3924a01,ZARA,"100% authentic original product â€” not replica, fake or first copy.",in stock,used,2100.00 PKR,https://kicks-kraze.com/product?product_id=692c06042e645d4ac3924a01,https://kickskraze.b-cdn.net/kickskraze/wDcJ6hpzqK.webp,Zara,Apparel & Accessories > Shoes,clothing & accessories > shoes & footwear > women's shoes > heels,1,female,all ages,,36
692c053c2e645d4ac39214f1,692c053c2e645d4ac39214f1,ARS-TRU-40-2017,GTIN-692c053c2e645d4ac39214f1,MPN-692c053c2e645d4ac39214f1,TRUFFLE COLLECTION ,"100% authentic original product â€” not replica, fake or first copy.",in stock,used,2199.00 PKR,https://kicks-kraze.com/product?product_id=692c053c2e645d4ac39214f1,https://kickskraze.b-cdn.net/kickskraze/i0GerNwBR2.webp,Truffle Colle ,Apparel & Accessories > Shoes,clothing & accessories > shoes & footwear > women's shoes > heels,1,female,all ages,,40
692c04912e645d4ac391fb8c,692c04912e645d4ac391fb8c,ARS-HEE-37-9E4E,GTIN-692c04912e645d4ac391fb8c,MPN-692c04912e645d4ac391fb8c,Baby pink heel size 37,"100% authentic original product â€” not replica, fake or first copy.",in stock,used,2200.00 PKR,https://kicks-kraze.com/product?product_id=692c04912e645d4ac391fb8c,https://kickskraze.b-cdn.net/kickskraze/oH3KGoZqqL.webp,Heel,Apparel & Accessories > Shoes,clothing & accessories > shoes & footwear > women's shoes > heels,1,female,all ages,,37
692c04222e645d4ac391e2c8,692c04222e645d4ac391e2c8,ARS-HEE-40-206C,GTIN-692c04222e645d4ac391e2c8,MPN-692c04222e645d4ac391e2c8,Black heel ,"100% authentic original product â€” not replica, fake or first copy.",in stock,used,2199.00 PKR,https://kicks-kraze.com/product?product_id=692c04222e645d4ac391e2c8,https://kickskraze.b-cdn.net/kickskraze/R5kxtivzQ8.webp,Heel,Apparel & Accessories > Shoes,clothing & accessories > shoes & footwear > women's shoes > heels,1,female,all ages,,40
692c03c62e645d4ac391c9c9,692c03c62e645d4ac391c9c9,ARS-HEE-37-0A89,GTIN-692c03c62e645d4ac391c9c9,MPN-692c03c62e645d4ac391c9c9,Size 37 silver heel ,"100% authentic original product â€” not replica, fake or first copy.",out of stock,used,2100.00 PKR,https://kicks-kraze.com/product?product_id=692c03c62e645d4ac391c9c9,https://kickskraze.b-cdn.net/kickskraze/erbG0yDYEE.webp,Heel,Apparel & Accessories > Shoes,clothing & accessories > shoes & footwear > women's shoes > heels,0,female,all ages,,37
692c03612e645d4ac391b0e7,692c03612e645d4ac391b0e7,ARS-GEN-43-AF58,GTIN-692c03612e645d4ac391b0e7,MPN-692c03612e645d4ac391b0e7,Gen shsss,"100% authentic original product â€” not replica, fake or first copy.",in stock,used,2299.00 PKR,https://kicks-kraze.com/product?product_id=692c03612e645d4ac391b0e7,https://kickskraze.b-cdn.net/kickskraze/TqtbOuXQBV.webp,Gen Shsss,Apparel & Accessories > Shoes,clothing & accessories > shoes & footwear > women's shoes > heels,1,female,all ages,,43
692c02c22e645d4ac39197d5,692c02c22e645d4ac39197d5,ARS-BER-39-E7F2,GTIN-692c02c22e645d4ac39197d5,MPN-692c02c22e645d4ac39197d5,Bershka,"100% authentic original product â€” not replica, fake or first copy.",in stock,used,2100.00 PKR,https://kicks-kraze.com/product?product_id=692c02c22e645d4ac39197d5,https://kickskraze.b-cdn.net/kickskraze/dNjwYWNX9o.webp,Bershka,Apparel & Accessories > Shoes,clothing & accessories > shoes & footwear > women's shoes > heels,1,female,all ages,,39
692c02262e645d4ac3917f10,692c02262e645d4ac3917f10,ARS-HEE-36-5E90,GTIN-692c02262e645d4ac3917f10,MPN-692c02262e645d4ac3917f10,Pink heel for women size 36,"100% authentic original product â€” not replica, fake or first copy.",in stock,used,2400.00 PKR,https://kicks-kraze.com/product?product_id=692c02262e645d4ac3917f10,https://kickskraze.b-cdn.net/kickskraze/iU5QhvR-q8.webp,Heel,Apparel & Accessories > Shoes,clothing & accessories > shoes & footwear > women's shoes > heels,1,female,all ages,,36
692c01922e645d4ac3916664,692c01922e645d4ac3916664,ARS-ORI-38-D1E2,GTIN-692c01922e645d4ac3916664,MPN-692c01922e645d4ac3916664,Oricc ,"100% authentic original product â€” not replica, fake or first copy.",out of stock,used,2299.00 PKR,https://kicks-kraze.com/product?product_id=692c01922e645d4ac3916664,https://kickskraze.b-cdn.net/kickskraze/Xsc4C5kCBt.webp,Oricc Footwear,Apparel & Accessories > Shoes,clothing & accessories > shoes & footwear > women's shoes > heels,0,female,all ages,,38
692c00e62e645d4ac3914dbb,692c00e62e645d4ac3914dbb,ARS-PRE-38-67DB,GTIN-692c00e62e645d4ac3914dbb,MPN-692c00e62e645d4ac3914dbb,Pretty little things,"100% authentic original product â€” not replica, fake or first copy.",in stock,used,2299.00 PKR,https://kicks-kraze.com/product?product_id=692c00e62e645d4ac3914dbb,https://kickskraze.b-cdn.net/kickskraze/kQMs_jITLu.webp,Pretty Little Thing,Apparel & Accessories > Shoes,clothing & accessories > shoes & footwear > women's shoes > heels,1,female,all ages,,38
692c00812e645d4ac3913515,692c00812e645d4ac3913515,ARS-OUM-36-2B1C,GTIN-692c00812e645d4ac3913515,MPN-692c00812e645d4ac3913515,Oumusu,"100% authentic original product â€” not replica, fake or first copy.",in stock,used,2199.00 PKR,https://kicks-kraze.com/product?product_id=692c00812e645d4ac3913515,https://kickskraze.b-cdn.net/kickskraze/vL4c0ABfVA.webp,Oumusu,Apparel & Accessories > Shoes,clothing & accessories > shoes & footwear > women's shoes > heels,1,female,all ages,,36
692bffc52e645d4ac3911c72,692bffc52e645d4ac3911c72,ARS-HEE-36-AE33,GTIN-692bffc52e645d4ac3911c72,MPN-692bffc52e645d4ac3911c72,Black heel size 36,"100% authentic original product â€” not replica, fake or first copy.",in stock,used,2100.00 PKR,https://kicks-kraze.com/product?product_id=692bffc52e645d4ac3911c72,https://kickskraze.b-cdn.net/kickskraze/DZi-BE0jwK.webp,Heel,Apparel & Accessories > Shoes,clothing & accessories > shoes & footwear > women's shoes > heels,1,female,all ages,,36
692bfefe2e645d4ac39103a4,692bfefe2e645d4ac39103a4,ARS-MIS-41-C69C,GTIN-692bfefe2e645d4ac39103a4,MPN-692bfefe2e645d4ac39103a4,Misspap,"100% authentic original product â€” not replica, fake or first copy.",in stock,used,2299.00 PKR,https://kicks-kraze.com/product?product_id=692bfefe2e645d4ac39103a4,https://kickskraze.b-cdn.net/kickskraze/-sjVZBcjFr.webp,Misspap,Apparel & Accessories > Shoes,clothing & accessories > shoes & footwear > women's shoes > heels,1,female,all ages,,41
692bfe6c2e645d4ac390eae3,692bfe6c2e645d4ac390eae3,ARS-HEE-38-91CB,GTIN-692bfe6c2e645d4ac390eae3,MPN-692bfe6c2e645d4ac390eae3,Shinny heel width size 38,"100% authentic original product â€” not replica, fake or first copy.",in stock,used,2099.00 PKR,https://kicks-kraze.com/product?product_id=692bfe6c2e645d4ac390eae3,https://kickskraze.b-cdn.net/kickskraze/MvKgVnuMo5.webp,Heel,Apparel & Accessories > Shoes,clothing & accessories > shoes & footwear > women's shoes > heels,1,female,all ages,,38
692bfdfc2e645d4ac390d238,692bfdfc2e645d4ac390d238,ARS-NEW-39-B638,GTIN-692bfdfc2e645d4ac390d238,MPN-692bfdfc2e645d4ac390d238,New look,"100% authentic original product â€” not replica, fake or first copy.",in stock,used,2299.00 PKR,https://kicks-kraze.com/product?product_id=692bfdfc2e645d4ac390d238,https://kickskraze.b-cdn.net/kickskraze/lYpwqfUTPc.webp,New Look,Apparel & Accessories > Shoes,clothing & accessories > shoes & footwear > women's shoes > heels,1,female,all ages,,39
692bfd8d2e645d4ac390b92d,692bfd8d2e645d4ac390b92d,ARS-HEE-39-9C79,GTIN-692bfd8d2e645d4ac390b92d,MPN-692bfd8d2e645d4ac390b92d,White heel size 39,"100% authentic original product â€” not replica, fake or first copy.",in stock,used,2199.00 PKR,https://kicks-kraze.com/product?product_id=692bfd8d2e645d4ac390b92d,https://kickskraze.b-cdn.net/kickskraze/lX3zPmiwkf.webp,Heel,Apparel & Accessories > Shoes,clothing & accessories > shoes & footwear > women's shoes > heels,1,female,all ages,,39
692bfd292e645d4ac390a073,692bfd292e645d4ac390a073,ARS-NEX-38-B216,GTIN-692bfd292e645d4ac390a073,MPN-692bfd292e645d4ac390a073,Next heel,"100% authentic original product â€” not replica, fake or first copy.",in stock,used,2799.00 PKR,https://kicks-kraze.com/product?product_id=692bfd292e645d4ac390a073,https://kickskraze.b-cdn.net/kickskraze/CbBDA2lk4Y.webp,Next,Apparel & Accessories > Shoes,clothing & accessories > shoes & footwear > women's shoes > heels,1,female,all ages,,38
692bfccc2e645d4ac39087ac,692bfccc2e645d4ac39087ac,ARS-ZAR-40-3BFD,GTIN-692bfccc2e645d4ac39087ac,MPN-692bfccc2e645d4ac39087ac,Zara ,"100% authentic original product â€” not replica, fake or first copy.",in stock,used,2799.00 PKR,https://kicks-kraze.com/product?product_id=692bfccc2e645d4ac39087ac,https://kickskraze.b-cdn.net/kickskraze/LGUoPO9H1A.webp,Zara,Apparel & Accessories > Shoes,clothing & accessories > shoes & footwear > women's shoes > heels,1,female,all ages,,40
692bfc892e645d4ac3906f18,692bfc892e645d4ac3906f18,ARS-HM-40-18BA,GTIN-692bfc892e645d4ac3906f18,MPN-692bfc892e645d4ac3906f18,HM Heel,"100% authentic original product â€” not replica, fake or first copy.",in stock,used,2899.00 PKR,https://kicks-kraze.com/product?product_id=692bfc892e645d4ac3906f18,https://kickskraze.b-cdn.net/kickskraze/M6O-edDHAH.webp,Hm,Apparel & Accessories > Shoes,clothing & accessories > shoes & footwear > women's shoes > heels,1,female,all ages,,40
692bfc332e645d4ac390568e,692bfc332e645d4ac390568e,ARS-ZAR-38-EDE3,GTIN-692bfc332e645d4ac390568e,MPN-692bfc332e645d4ac390568e,Zara basics collection,"100% authentic original product â€” not replica, fake or first copy.",in stock,used,2799.00 PKR,https://kicks-kraze.com/product?product_id=692bfc332e645d4ac390568e,https://kickskraze.b-cdn.net/kickskraze/BRg52aDWGl.webp,Zara,Apparel & Accessories > Shoes,clothing & accessories > shoes & footwear > women's shoes > heels,1,female,all ages,,38
692bfbd22e645d4ac3903dfa,692bfbd22e645d4ac3903dfa,ARS-ANN-40-C18C,GTIN-692bfbd22e645d4ac3903dfa,MPN-692bfbd22e645d4ac3903dfa,Anne Michelle,"100% authentic original product â€” not replica, fake or first copy.",in stock,used,2299.00 PKR,https://kicks-kraze.com/product?product_id=692bfbd22e645d4ac3903dfa,https://kickskraze.b-cdn.net/kickskraze/TrUDx8zF79.webp,Anne Michelle,Apparel & Accessories > Shoes,clothing & accessories > shoes & footwear > women's shoes > heels,1,female,all ages,,40
692bfb542e645d4ac3902575,692bfb542e645d4ac3902575,ARS-PRE-39-4825,GTIN-692bfb542e645d4ac3902575,MPN-692bfb542e645d4ac3902575,Pretty little thing,"100% authentic original product â€” not replica, fake or first copy.",in stock,used,2499.00 PKR,https://kicks-kraze.com/product?product_id=692bfb542e645d4ac3902575,https://kickskraze.b-cdn.net/kickskraze/WtSuqr17RS.webp,Pretty Little Thing,Apparel & Accessories > Shoes,clothing & accessories > shoes & footwear > women's shoes > heels,1,female,all ages,,39
692bfad62e645d4ac38ff469,692bfad62e645d4ac38ff469,ARS-EGO-39-E0E8,GTIN-692bfad62e645d4ac38ff469,MPN-692bfad62e645d4ac38ff469,EGO,"100% authentic original product â€” not replica, fake or first copy.",in stock,used,2799.00 PKR,https://kicks-kraze.com/product?product_id=692bfad62e645d4ac38ff469,https://kickskraze.b-cdn.net/kickskraze/SCh3G6eHAC.webp,Ego,Apparel & Accessories > Shoes,clothing & accessories > shoes & footwear > women's shoes > heels,1,female,all ages,,39
692bfa252e645d4ac38fdbcd,692bfa252e645d4ac38fdbcd,ARS-PAP-40-4BC2,GTIN-692bfa252e645d4ac38fdbcd,MPN-692bfa252e645d4ac38fdbcd,Papaya,"100% authentic original product â€” not replica, fake or first copy.",in stock,used,2199.00 PKR,https://kicks-kraze.com/product?product_id=692bfa252e645d4ac38fdbcd,https://kickskraze.b-cdn.net/kickskraze/_08GOuMbLz.webp,Papaya,Apparel & Accessories > Shoes,clothing & accessories > shoes & footwear > women's shoes > heels,1,female,all ages,,40
692bf9af2e645d4ac38fc2fd,692bf9af2e645d4ac38fc2fd,ARS-HEE-38-061F,GTIN-692bf9af2e645d4ac38fc2fd,MPN-692bf9af2e645d4ac38fc2fd,Heel women size 38,"100% authentic original product â€” not replica, fake or first copy.",in stock,used,2199.00 PKR,https://kicks-kraze.com/product?product_id=692bf9af2e645d4ac38fc2fd,https://kickskraze.b-cdn.net/kickskraze/9jZknJK10g.webp,Heel,Apparel & Accessories > Shoes,clothing & accessories > shoes & footwear > women's shoes > heels,1,female,all ages,,38
692bf87e2e645d4ac38faa20,692bf87e2e645d4ac38faa20,ARS-STY-38-B002,GTIN-692bf87e2e645d4ac38faa20,MPN-692bf87e2e645d4ac38faa20,Style Madden,"100% authentic original product â€” not replica, fake or first copy.",in stock,used,2099.00 PKR,https://kicks-kraze.com/product?product_id=692bf87e2e645d4ac38faa20,https://kickskraze.b-cdn.net/kickskraze/3vk43Ihf3C.webp,Style Madden,Apparel & Accessories > Shoes,clothing & accessories > shoes & footwear > women's shoes > heels,1,female,all ages,,38
692bf7ed2e645d4ac38f9192,692bf7ed2e645d4ac38f9192,ARS-EGO-38-1DD2,GTIN-692bf7ed2e645d4ac38f9192,MPN-692bf7ed2e645d4ac38f9192,Ego,"100% authentic original product â€” not replica, fake or first copy.",out of stock,used,2299.00 PKR,https://kicks-kraze.com/product?product_id=692bf7ed2e645d4ac38f9192,https://kickskraze.b-cdn.net/kickskraze/O1bVEKzzhT.webp,Ego,Apparel & Accessories > Shoes,clothing & accessories > shoes & footwear > women's shoes > heels,0,female,all ages,,38
692bf7852e645d4ac38f7924,692bf7852e645d4ac38f7924,ARS-IDE-37-B9C7,GTIN-692bf7852e645d4ac38f7924,MPN-692bf7852e645d4ac38f7924,Ideal shoes ,"100% authentic original product â€” not replica, fake or first copy.",in stock,used,2099.00 PKR,https://kicks-kraze.com/product?product_id=692bf7852e645d4ac38f7924,https://kickskraze.b-cdn.net/kickskraze/mex5Z8771d.webp,Ideal Shoes ,Apparel & Accessories > Shoes,clothing & accessories > shoes & footwear > women's shoes > heels,1,female,all ages,,37
692bf70b2e645d4ac38f60a7,692bf70b2e645d4ac38f60a7,ARS-MIX-39-A4BC,GTIN-692bf70b2e645d4ac38f60a7,MPN-692bf70b2e645d4ac38f60a7,Mix leopard print long heel ,"100% authentic original product â€” not replica, fake or first copy.",in stock,used,2999.00 PKR,https://kicks-kraze.com/product?product_id=692bf70b2e645d4ac38f60a7,https://kickskraze.b-cdn.net/kickskraze/Cl6N6Qrm_J.webp,Mix,Apparel & Accessories > Shoes,clothing & accessories > shoes & footwear > women's shoes > heels,1,female,all ages,,39
692bf68f2e645d4ac38f47ec,692bf68f2e645d4ac38f47ec,ARS-HEE-38.5-9818,GTIN-692bf68f2e645d4ac38f47ec,MPN-692bf68f2e645d4ac38f47ec,Long heel women size,"100% authentic original product â€” not replica, fake or first copy.",in stock,used,2699.00 PKR,https://kicks-kraze.com/product?product_id=692bf68f2e645d4ac38f47ec,https://kickskraze.b-cdn.net/kickskraze/SrDHlQT9B2.webp,Heel,Apparel & Accessories > Shoes,clothing & accessories > shoes & footwear > women's shoes > heels,1,female,all ages,,38.5
692bf6072e645d4ac38f2f32,692bf6072e645d4ac38f2f32,ARS-ASO-40-CC8C,GTIN-692bf6072e645d4ac38f2f32,MPN-692bf6072e645d4ac38f2f32,Asos Design,"100% authentic original product â€” not replica, fake or first copy.",in stock,used,2199.00 PKR,https://kicks-kraze.com/product?product_id=692bf6072e645d4ac38f2f32,https://kickskraze.b-cdn.net/kickskraze/qdRmcNJyU7.webp,Asos Design,Apparel & Accessories > Shoes,clothing & accessories > shoes & footwear > women's shoes > heels,1,female,all ages,,40
692bf57e2e645d4ac38f16c9,692bf57e2e645d4ac38f16c9,ARS-AQZ-35.5-67FD,GTIN-692bf57e2e645d4ac38f16c9,MPN-692bf57e2e645d4ac38f16c9,A&QZi hong,"100% authentic original product â€” not replica, fake or first copy.",in stock,used,2199.00 PKR,https://kicks-kraze.com/product?product_id=692bf57e2e645d4ac38f16c9,https://kickskraze.b-cdn.net/kickskraze/7NoDfBISa1.webp,A&qzi Hong,Apparel & Accessories > Shoes,clothing & accessories > shoes & footwear > women's shoes > heels,1,female,all ages,,35.5
692bf4c52e645d4ac38ee5b6,692bf4c52e645d4ac38ee5b6,ARS-MIS-41-6A9C,GTIN-692bf4c52e645d4ac38ee5b6,MPN-692bf4c52e645d4ac38ee5b6,Misguided heel,"100% authentic original product â€” not replica, fake or first copy.",in stock,used,2199.00 PKR,https://kicks-kraze.com/product?product_id=692bf4c52e645d4ac38ee5b6,https://kickskraze.b-cdn.net/kickskraze/YJVnQDZyLe.webp,Misguided,Apparel & Accessories > Shoes,clothing & accessories > shoes & footwear > women's shoes > heels,1,female,all ages,,41
692bf3f12e645d4ac38ecd34,692bf3f12e645d4ac38ecd34,ARS-HYP-37-931F,GTIN-692bf3f12e645d4ac38ecd34,MPN-692bf3f12e645d4ac38ecd34,Hyper  Heels,"100% authentic original product â€” not replica, fake or first copy.",in stock,used,2199.00 PKR,https://kicks-kraze.com/product?product_id=692bf3f12e645d4ac38ecd34,https://kickskraze.b-cdn.net/kickskraze/j0jIaAG3im.webp,Hyper Shoes,Apparel & Accessories > Shoes,clothing & accessories > shoes & footwear > women's shoes > heels,1,female,all ages,,37
692bf3682e645d4ac38eb4d6,692bf3682e645d4ac38eb4d6,ARS-RED-41-5F75,GTIN-692bf3682e645d4ac38eb4d6,MPN-692bf3682e645d4ac38eb4d6,Red Tag,"100% authentic original product â€” not replica, fake or first copy.",in stock,used,2299.00 PKR,https://kicks-kraze.com/product?product_id=692bf3682e645d4ac38eb4d6,https://kickskraze.b-cdn.net/kickskraze/QhigqcN5vG.webp,Red Tag,Apparel & Accessories > Shoes,clothing & accessories > shoes & footwear > women's shoes > sandals,1,female,all ages,,41
692bf2ee2e645d4ac38e9c7e,692bf2ee2e645d4ac38e9c7e,ARS-LEF-37-447A,GTIN-692bf2ee2e645d4ac38e9c7e,MPN-692bf2ee2e645d4ac38e9c7e,Lefties,"100% authentic original product â€” not replica, fake or first copy.",in stock,used,2299.00 PKR,https://kicks-kraze.com/product?product_id=692bf2ee2e645d4ac38e9c7e,https://kickskraze.b-cdn.net/kickskraze/mG9rR2GRJz.webp,Lefies,Apparel & Accessories > Shoes,clothing & accessories > shoes & footwear > women's shoes > heels,1,female,all ages,,37
692bf2792e645d4ac38e842f,692bf2792e645d4ac38e842f,ARS-ZAR-39-78B6,GTIN-692bf2792e645d4ac38e842f,MPN-692bf2792e645d4ac38e842f,Zara Flats,"100% authentic original product â€” not replica, fake or first copy.",out of stock,used,2699.00 PKR,https://kicks-kraze.com/product?product_id=692bf2792e645d4ac38e842f,https://kickskraze.b-cdn.net/kickskraze/pbhUpEGqtm.webp,Zara,Apparel & Accessories > Shoes,clothing & accessories > shoes & footwear > women's shoes > flats,0,female,all ages,,39
692bf2232e645d4ac38e6be5,692bf2232e645d4ac38e6be5,ARS-VIN-38.5-B2EC,GTIN-692bf2232e645d4ac38e6be5,MPN-692bf2232e645d4ac38e6be5,Vince camuto Leoprad Print,"100% authentic original product â€” not replica, fake or first copy.",in stock,used,3999.00 PKR,https://kicks-kraze.com/product?product_id=692bf2232e645d4ac38e6be5,https://kickskraze.b-cdn.net/kickskraze/A6f5UdakgM.webp,Vince Camuto,Apparel & Accessories > Shoes,clothing & accessories > shoes & footwear > women's shoes > heels,1,female,all ages,,38.5
692bf1a52e645d4ac38e537a,692bf1a52e645d4ac38e537a,ARS-KZ-38-599A,GTIN-692bf1a52e645d4ac38e537a,MPN-692bf1a52e645d4ac38e537a,K-z heel,"100% authentic original product â€” not replica, fake or first copy.",in stock,used,1599.00 PKR,https://kicks-kraze.com/product?product_id=692bf1a52e645d4ac38e537a,https://kickskraze.b-cdn.net/kickskraze/gDn8mTjMQM.webp,Kz,Apparel & Accessories > Shoes,clothing & accessories > shoes & footwear > women's shoes > heels,1,female,all ages,,38
692bf1312e645d4ac38e3ae6,692bf1312e645d4ac38e3ae6,ARS-SHE-39-F23D,GTIN-692bf1312e645d4ac38e3ae6,MPN-692bf1312e645d4ac38e3ae6,Sheln,"100% authentic original product â€” not replica, fake or first copy.",in stock,used,2099.00 PKR,https://kicks-kraze.com/product?product_id=692bf1312e645d4ac38e3ae6,https://kickskraze.b-cdn.net/kickskraze/f1j5eNRHta.webp,Sheln,Apparel & Accessories > Shoes,clothing & accessories > shoes & footwear > women's shoes > heels,1,female,all ages,,39
692bf0922e645d4ac38e22a8,692bf0922e645d4ac38e22a8,ARS-HEE-36-273E,GTIN-692bf0922e645d4ac38e22a8,MPN-692bf0922e645d4ac38e22a8,Women size 36 Heel,"100% authentic original product â€” not replica, fake or first copy.",in stock,used,2099.00 PKR,https://kicks-kraze.com/product?product_id=692bf0922e645d4ac38e22a8,https://kickskraze.b-cdn.net/kickskraze/_uEgQ4TUe_.webp,Heel,Apparel & Accessories > Shoes,clothing & accessories > shoes & footwear > women's shoes > heels,1,female,all ages,,36
692bf0272e645d4ac38e0a6d,692bf0272e645d4ac38e0a6d,ARS-HEE-37-BE73,GTIN-692bf0272e645d4ac38e0a6d,MPN-692bf0272e645d4ac38e0a6d,Pencil heel zara,"100% authentic original product â€” not replica, fake or first copy.",in stock,used,2199.00 PKR,https://kicks-kraze.com/product?product_id=692bf0272e645d4ac38e0a6d,https://kickskraze.b-cdn.net/kickskraze/9cmQslcfZc.webp,Heel,Apparel & Accessories > Shoes,clothing & accessories > shoes & footwear > women's shoes > heels,1,female,all ages,,37
692befae2e645d4ac38df22b,692befae2e645d4ac38df22b,ARS-PUB-38-8A13,GTIN-692befae2e645d4ac38df22b,MPN-692befae2e645d4ac38df22b,Public desire,"100% authentic original product â€” not replica, fake or first copy.",in stock,used,2099.00 PKR,https://kicks-kraze.com/product?product_id=692befae2e645d4ac38df22b,https://kickskraze.b-cdn.net/kickskraze/tU9q7nHCzj.webp,Public Desire,Apparel & Accessories > Shoes,clothing & accessories > shoes & footwear > women's shoes > heels,1,female,all ages,,38
692bef522e645d4ac38dd9f7,692bef522e645d4ac38dd9f7,ARS-NEW-39-9034,GTIN-692bef522e645d4ac38dd9f7,MPN-692bef522e645d4ac38dd9f7,New look,"100% authentic original product â€” not replica, fake or first copy.",in stock,used,2199.00 PKR,https://kicks-kraze.com/product?product_id=692bef522e645d4ac38dd9f7,https://kickskraze.b-cdn.net/kickskraze/nrSXWDmK-G.webp,New Look,Apparel & Accessories > Shoes,clothing & accessories > shoes & footwear > women's shoes > heels,1,female,all ages,,39
692bef012e645d4ac38dc1bc,692bef012e645d4ac38dc1bc,ARS-ZAR-38-B145,GTIN-692bef012e645d4ac38dc1bc,MPN-692bef012e645d4ac38dc1bc,Zara ,"100% authentic original product â€” not replica, fake or first copy.",in stock,used,2099.00 PKR,https://kicks-kraze.com/product?product_id=692bef012e645d4ac38dc1bc,https://kickskraze.b-cdn.net/kickskraze/eI9xxYsyuN.webp,Zara,Apparel & Accessories > Shoes,clothing & accessories > shoes & footwear > women's shoes > heels,1,female,all ages,,38
692beead2e645d4ac38da98d,692beead2e645d4ac38da98d,ARS-PRE-39-0EBE,GTIN-692beead2e645d4ac38da98d,MPN-692beead2e645d4ac38da98d,Pretty little thing,"100% authentic original product â€” not replica, fake or first copy.",in stock,used,2099.00 PKR,https://kicks-kraze.com/product?product_id=692beead2e645d4ac38da98d,https://kickskraze.b-cdn.net/kickskraze/I5SlKyH3yx.webp,Pretty Little Thing,Apparel & Accessories > Shoes,clothing & accessories > shoes & footwear > women's shoes > heels,1,female,all ages,,39
692bee322e645d4ac38d9162,692bee322e645d4ac38d9162,ARS-EGO-40-D3AD,GTIN-692bee322e645d4ac38d9162,MPN-692bee322e645d4ac38d9162,EGO Heel,"100% authentic original product â€” not replica, fake or first copy.",in stock,used,2099.00 PKR,https://kicks-kraze.com/product?product_id=692bee322e645d4ac38d9162,https://kickskraze.b-cdn.net/kickskraze/sFWmsBIUep.webp,Ego,Apparel & Accessories > Shoes,clothing & accessories > shoes & footwear > women's shoes > heels,1,female,all ages,,40
692beda72e645d4ac38d793c,692beda72e645d4ac38d793c,ARS-BRA-39-C1C3,GTIN-692beda72e645d4ac38d793c,MPN-692beda72e645d4ac38d793c,Brash,"100% authentic original product â€” not replica, fake or first copy.",out of stock,used,1899.00 PKR,https://kicks-kraze.com/product?product_id=692beda72e645d4ac38d793c,https://kickskraze.b-cdn.net/kickskraze/ufVCX2MjYS.webp,Brash,Apparel & Accessories > Shoes,clothing & accessories > shoes & footwear > women's shoes > heels,0,female,all ages,,39
692becdb2e645d4ac38d6119,692becdb2e645d4ac38d6119,ARS-CHA-38-2387,GTIN-692becdb2e645d4ac38d6119,MPN-692becdb2e645d4ac38d6119,CHANGE HEEL,"100% authentic original product â€” not replica, fake or first copy.",in stock,used,2099.00 PKR,https://kicks-kraze.com/product?product_id=692becdb2e645d4ac38d6119,https://kickskraze.b-cdn.net/kickskraze/xGV8A1_vRP.webp,Change,Apparel & Accessories > Shoes,clothing & accessories > shoes & footwear > women's shoes > heels,1,female,all ages,,38
692bec052e645d4ac38d48f8,692bec052e645d4ac38d48f8,ARS-MIX-38.5-BEF1,GTIN-692bec052e645d4ac38d48f8,MPN-692bec052e645d4ac38d48f8,Mixx Shuz,"100% authentic original product â€” not replica, fake or first copy.",in stock,used,2099.00 PKR,https://kicks-kraze.com/product?product_id=692bec052e645d4ac38d48f8,https://kickskraze.b-cdn.net/kickskraze/0_Jd2oqs8b.webp,Mixx Shuz,Apparel & Accessories > Shoes,clothing & accessories > shoes & footwear > women's shoes > heels,1,female,all ages,,38.5
692beb882e645d4ac38d30db,692beb882e645d4ac38d30db,ARS-COR-37-3F72,GTIN-692beb882e645d4ac38d30db,MPN-692beb882e645d4ac38d30db,CORINA,"100% authentic original product â€” not replica, fake or first copy.",in stock,used,2099.00 PKR,https://kicks-kraze.com/product?product_id=692beb882e645d4ac38d30db,https://kickskraze.b-cdn.net/kickskraze/60DDV_BCBv.webp,Corina,Apparel & Accessories > Shoes,clothing & accessories > shoes & footwear > women's shoes > heels,1,female,all ages,,37
692beb262e645d4ac38d18c2,692beb262e645d4ac38d18c2,ARS-PRI-39-E50E,GTIN-692beb262e645d4ac38d18c2,MPN-692beb262e645d4ac38d18c2,Primark,"100% authentic original product â€” not replica, fake or first copy.",in stock,used,2299.00 PKR,https://kicks-kraze.com/product?product_id=692beb262e645d4ac38d18c2,https://kickskraze.b-cdn.net/kickskraze/nqNljbAHV-.webp,Primark,Apparel & Accessories > Shoes,clothing & accessories > shoes & footwear > women's shoes > heels,1,female,all ages,,39
692beac82e645d4ac38d00ad,692beac82e645d4ac38d00ad,ARS-BIG-40-D686,GTIN-692beac82e645d4ac38d00ad,MPN-692beac82e645d4ac38d00ad,BIG TREE HEEL,"100% authentic original product â€” not replica, fake or first copy.",in stock,used,2699.00 PKR,https://kicks-kraze.com/product?product_id=692beac82e645d4ac38d00ad,https://kickskraze.b-cdn.net/kickskraze/0mGfACd1LD.webp,Big Tree,Apparel & Accessories > Shoes,clothing & accessories > shoes & footwear > women's shoes > heels,1,female,all ages,,40
692bea672e645d4ac38ce89d,692bea672e645d4ac38ce89d,ARS-HEE-35-AFF1,GTIN-692bea672e645d4ac38ce89d,MPN-692bea672e645d4ac38ce89d,Black Heel ðŸ–¤,"100% authentic original product â€” not replica, fake or first copy.",in stock,used,2199.00 PKR,https://kicks-kraze.com/product?product_id=692bea672e645d4ac38ce89d,https://kickskraze.b-cdn.net/kickskraze/P4x-8N1we5.webp,Heel,Apparel & Accessories > Shoes,clothing & accessories > shoes & footwear > women's shoes > heels,1,female,all ages,,35
692bea0b2e645d4ac38cd090,692bea0b2e645d4ac38cd090,ARS-CHI-40-29E2,GTIN-692bea0b2e645d4ac38cd090,MPN-692bea0b2e645d4ac38cd090,CHICLY,"100% authentic original product â€” not replica, fake or first copy.",in stock,used,1999.00 PKR,https://kicks-kraze.com/product?product_id=692bea0b2e645d4ac38cd090,https://kickskraze.b-cdn.net/kickskraze/1aDW2yh5iX.webp,Chicly,Apparel & Accessories > Shoes,clothing & accessories > shoes & footwear > women's shoes > heels,1,female,all ages,,40
692be96c2e645d4ac38cb87a,692be96c2e645d4ac38cb87a,ARS-ZAR-39-631B,GTIN-692be96c2e645d4ac38cb87a,MPN-692be96c2e645d4ac38cb87a,ZARA Trafaluc,"100% authentic original product â€” not replica, fake or first copy.",in stock,used,2599.00 PKR,https://kicks-kraze.com/product?product_id=692be96c2e645d4ac38cb87a,https://kickskraze.b-cdn.net/kickskraze/wDs5efVO3n.webp,Zara,Apparel & Accessories > Shoes,clothing & accessories > shoes & footwear > women's shoes > heels,1,female,all ages,,39
692be9092e645d4ac38ca068,692be9092e645d4ac38ca068,ARS-ASO-38-5813,GTIN-692be9092e645d4ac38ca068,MPN-692be9092e645d4ac38ca068,Asos Design,"100% authentic original product â€” not replica, fake or first copy.",in stock,used,2199.00 PKR,https://kicks-kraze.com/product?product_id=692be9092e645d4ac38ca068,https://kickskraze.b-cdn.net/kickskraze/zoBboN3jJk.webp,Asos Deisgn,Apparel & Accessories > Shoes,clothing & accessories > shoes & footwear > women's shoes > heels,1,female,all ages,,38
692be8a02e645d4ac38c885c,692be8a02e645d4ac38c885c,ARS-CAT-40-4782,GTIN-692be8a02e645d4ac38c885c,MPN-692be8a02e645d4ac38c885c,Cat Walk,"100% authentic original product â€” not replica, fake or first copy.",in stock,used,1999.00 PKR,https://kicks-kraze.com/product?product_id=692be8a02e645d4ac38c885c,https://kickskraze.b-cdn.net/kickskraze/qMxxEpbz_c.webp,Cat Walk,Apparel & Accessories > Shoes,clothing & accessories > shoes & footwear > women's shoes > sandals,1,female,all ages,,40
692be80c2e645d4ac38c704e,692be80c2e645d4ac38c704e,ARS-YON-36-4EA8,GTIN-692be80c2e645d4ac38c704e,MPN-692be80c2e645d4ac38c704e,Yonri heel,"100% authentic original product â€” not replica, fake or first copy.",in stock,used,2099.00 PKR,https://kicks-kraze.com/product?product_id=692be80c2e645d4ac38c704e,https://kickskraze.b-cdn.net/kickskraze/9jsxx8TGUB.webp,Yonri Shoes,Apparel & Accessories > Shoes,clothing & accessories > shoes & footwear > women's shoes > heels,1,female,all ages,,36
692be7972e645d4ac38c584b,692be7972e645d4ac38c584b,ARS-PRI-39-BAB2,GTIN-692be7972e645d4ac38c584b,MPN-692be7972e645d4ac38c584b,Primark Black Heel,"100% authentic original product â€” not replica, fake or first copy.",in stock,used,2099.00 PKR,https://kicks-kraze.com/product?product_id=692be7972e645d4ac38c584b,https://kickskraze.b-cdn.net/kickskraze/o6th0feZ1B.webp,Primark,Apparel & Accessories > Shoes,clothing & accessories > shoes & footwear > women's shoes > heels,1,female,all ages,,39
692be7172e645d4ac38c4054,692be7172e645d4ac38c4054,ARS-HEE-41-C44C,GTIN-692be7172e645d4ac38c4054,MPN-692be7172e645d4ac38c4054,Glittery Black heel,"100% authentic original product â€” not replica, fake or first copy.",in stock,used,1999.00 PKR,https://kicks-kraze.com/product?product_id=692be7172e645d4ac38c4054,https://kickskraze.b-cdn.net/kickskraze/oLLKdCwvnw.webp,Heel,Apparel & Accessories > Shoes,clothing & accessories > shoes & footwear > women's shoes > heels,1,female,all ages,,41
692be6b62e645d4ac38c285f,692be6b62e645d4ac38c285f,ARS-PRE-39.5-E47F,GTIN-692be6b62e645d4ac38c285f,MPN-692be6b62e645d4ac38c285f,Pretty Little Thing,"100% authentic original product â€” not replica, fake or first copy.",in stock,used,2099.00 PKR,https://kicks-kraze.com/product?product_id=692be6b62e645d4ac38c285f,https://kickskraze.b-cdn.net/kickskraze/u1vgv7kPZy.webp,Pretty Little Thing,Apparel & Accessories > Shoes,clothing & accessories > shoes & footwear > women's shoes > heels,1,female,all ages,,39.5
692be59e2e645d4ac38c102f,692be59e2e645d4ac38c102f,ARS-BIG-43-5E64,GTIN-692be59e2e645d4ac38c102f,MPN-692be59e2e645d4ac38c102f,Big Tree Heel ðŸ–¤,"100% authentic original product â€” not replica, fake or first copy.",out of stock,used,1999.00 PKR,https://kicks-kraze.com/product?product_id=692be59e2e645d4ac38c102f,https://kickskraze.b-cdn.net/kickskraze/njB-dcvbj8.webp,Big Tree,Apparel & Accessories > Shoes,clothing & accessories > shoes & footwear > women's shoes > heels,0,female,all ages,,43
692be52c2e645d4ac38bf842,692be52c2e645d4ac38bf842,ARS-SAF-38-EC7A,GTIN-692be52c2e645d4ac38bf842,MPN-692be52c2e645d4ac38bf842,SAFWAH Heel,"100% authentic original product â€” not replica, fake or first copy.",in stock,used,2099.00 PKR,https://kicks-kraze.com/product?product_id=692be52c2e645d4ac38bf842,https://kickskraze.b-cdn.net/kickskraze/0yghUOQ2Sf.webp,Safwah,Apparel & Accessories > Shoes,clothing & accessories > shoes & footwear > women's shoes > heels,1,female,all ages,,38
692be4ce2e645d4ac38be05a,692be4ce2e645d4ac38be05a,ARS-HEE-37-2BE7,GTIN-692be4ce2e645d4ac38be05a,MPN-692be4ce2e645d4ac38be05a,Black Heel soft,"100% authentic original product â€” not replica, fake or first copy.",in stock,used,1999.00 PKR,https://kicks-kraze.com/product?product_id=692be4ce2e645d4ac38be05a,https://kickskraze.b-cdn.net/kickskraze/1sVIfjYyl1.webp,Heel,Apparel & Accessories > Shoes,clothing & accessories > shoes & footwear > women's shoes > heels,1,female,all ages,,37
692be4622e645d4ac38bc874,692be4622e645d4ac38bc874,ARS-TOG-36-51BF,GTIN-692be4622e645d4ac38bc874,MPN-692be4622e645d4ac38bc874,TOGA,"100% authentic original product â€” not replica, fake or first copy.",in stock,used,2299.00 PKR,https://kicks-kraze.com/product?product_id=692be4622e645d4ac38bc874,https://kickskraze.b-cdn.net/kickskraze/bwj74-27zd.webp,Toga,Apparel & Accessories > Shoes,clothing & accessories > shoes & footwear > women's shoes > heels,1,female,all ages,,36
692be4132e645d4ac38bb092,692be4132e645d4ac38bb092,ARS-MAN-37-C332,GTIN-692be4132e645d4ac38bb092,MPN-692be4132e645d4ac38bb092,MANGO HEEL,"100% authentic original product â€” not replica, fake or first copy.",in stock,used,2099.00 PKR,https://kicks-kraze.com/product?product_id=692be4132e645d4ac38bb092,https://kickskraze.b-cdn.net/kickskraze/R6FMhSxPxs.webp,Mango,Apparel & Accessories > Shoes,clothing & accessories > shoes & footwear > women's shoes > heels,1,female,all ages,,37
692be3bc2e645d4ac38b98b4,692be3bc2e645d4ac38b98b4,ARS-PRI-41-03B0,GTIN-692be3bc2e645d4ac38b98b4,MPN-692be3bc2e645d4ac38b98b4,PRIMARK HEEL,"100% authentic original product â€” not replica, fake or first copy.",in stock,used,2199.00 PKR,https://kicks-kraze.com/product?product_id=692be3bc2e645d4ac38b98b4,https://kickskraze.b-cdn.net/kickskraze/oEmdw510sY.webp,Primark,Apparel & Accessories > Shoes,clothing & accessories > shoes & footwear > women's shoes > heels,1,female,all ages,,41
692be34c2e645d4ac38b80da,692be34c2e645d4ac38b80da,ARS-DOR-40.5-77CF,GTIN-692be34c2e645d4ac38b80da,MPN-692be34c2e645d4ac38b80da,Dorothy perkins,"100% authentic original product â€” not replica, fake or first copy.",in stock,used,2299.00 PKR,https://kicks-kraze.com/product?product_id=692be34c2e645d4ac38b80da,https://kickskraze.b-cdn.net/kickskraze/k_QPz2Jjdc.webp,Dorothy Perkins,Apparel & Accessories > Shoes,clothing & accessories > shoes & footwear > women's shoes > heels,1,female,all ages,,40.5
692be2c72e645d4ac38b68fc,692be2c72e645d4ac38b68fc,ARS-HEE-38-4494,GTIN-692be2c72e645d4ac38b68fc,MPN-692be2c72e645d4ac38b68fc,Golden pencil Heel,"100% authentic original product â€” not replica, fake or first copy.",out of stock,used,2799.00 PKR,https://kicks-kraze.com/product?product_id=692be2c72e645d4ac38b68fc,https://kickskraze.b-cdn.net/kickskraze/v3bjVgj71h.webp,Heel,Apparel & Accessories > Shoes,clothing & accessories > shoes & footwear > women's shoes > heels,0,female,all ages,,38
692be2782e645d4ac38b5115,692be2782e645d4ac38b5115,ARS-ELL-41-7A44,GTIN-692be2782e645d4ac38b5115,MPN-692be2782e645d4ac38b5115,Ella by Namshi,"100% authentic original product â€” not replica, fake or first copy.",in stock,used,2199.00 PKR,https://kicks-kraze.com/product?product_id=692be2782e645d4ac38b5115,https://kickskraze.b-cdn.net/kickskraze/2FHDASV0c-.webp,Ella,Apparel & Accessories > Shoes,clothing & accessories > shoes & footwear > women's shoes > heels,1,female,all ages,,41
692be2122e645d4ac38b3934,692be2122e645d4ac38b3934,ARS-PUB-35.5-761D,GTIN-692be2122e645d4ac38b3934,MPN-692be2122e645d4ac38b3934,Public desire,"100% authentic original product â€” not replica, fake or first copy.",in stock,used,1999.00 PKR,https://kicks-kraze.com/product?product_id=692be2122e645d4ac38b3934,https://kickskraze.b-cdn.net/kickskraze/-qndwHRhYh.webp,Public Desire,Apparel & Accessories > Shoes,clothing & accessories > shoes & footwear > women's shoes > heels,1,female,all ages,,35.5